associated_gene,Sample,cyclo_count,noncyclo_count,Cyclo_TPM,Noncyclo_TPM,total_cyclo,total_noncyclo,Cyclo_TPM_Rank,Noncyclo_TPM_Rank,Avg_Cyclo_TPM,SD_Cyclo_TPM,Cyclo_Z_Score,test_statistic,z_score,rank_top_99_9_percentile,rank_top_99_5_percentile,rank_top_99_percentile,rank_top_98_percentile,rank_top_95_percentile,Phenotypes
DND1_HARS1,Patient1,5,0,2628.8117770767612,0.0,1902,1717,26.0,20.0,6257.584837425145,4787.651552621155,-0.7579442698501512,-39.93275770981255,-0.37106731912282526,,,,,,
DND1_HARS1,Patient10,17,0,7798.165137614679,0.0,2180,1394,8.0,20.0,6257.584837425145,4787.651552621155,0.32178204350441775,-20.657512827603764,0.2680339696333993,,,,,,
DND1_HARS1,Patient11,5,0,2246.1814914645106,0.0,2226,1367,28.0,20.0,6257.584837425145,4787.651552621155,-0.8378645149654765,-42.717972014285166,-0.4627079300880532,,,,,,
DND1_HARS1,Patient12,10,0,4990.0199600798405,0.0,2004,1791,15.0,20.0,6257.584837425145,4787.651552621155,-0.2647571285030832,-28.557329972631415,0.008109960008223898,,,,,,
DND1_HARS1,Patient13,25,0,10020.040080160321,0.0,2495,2218,6.0,20.0,6257.584837425145,4787.651552621155,0.7858665572007423,-16.221237311307522,0.4139986798069129,,,,,,
DND1_HARS1,Patient14,0,0,0.0,0.0,1161,1708,31.0,20.0,6257.584837425145,4787.651552621155,-1.3070259538832203,-179.42183339149727,-4.960611505334004,,,,,,
DND1_HARS1,Patient15,6,1,4360.46511627907,388.65137971239795,1376,2573,21.0,8.0,6257.584837425145,4787.651552621155,-0.3962526721702284,-30.971499146195914,-0.0762191961369326,,,,,,
DND1_HARS1,Patient16,5,0,3584.2293906810037,0.0,1395,1271,23.0,20.0,6257.584837425145,4787.651552621155,-0.5583855502768422,-34.44311836090976,-0.19044426864360345,,,,,,
DND1_HARS1,Patient17,6,0,6153.846153846154,0.0,975,1227,12.0,20.0,6257.584837425145,4787.651552621155,-0.02166796861442351,-24.847910066905502,0.13015927805941338,,,,,,
DND1_HARS1,Patient18,2,0,2024.2914979757086,0.0,988,1387,29.0,20.0,6257.584837425145,4787.651552621155,-0.8842108271500634,-44.559537960927834,-0.5233001179897478,,,,,,
DND1_HARS1,Patient19,5,1,4068.3482506102523,645.9948320413437,1229,1548,22.0,5.0,6257.584837425145,4787.651552621155,-0.4572673183820833,-32.199500953905236,-0.11662356852011813,,,,,,
DND1_HARS1,Patient2,32,6,25058.731401722787,5529.9539170506905,1277,1085,1.0,1.0,6257.584837425145,4787.651552621155,3.927008128652208,10.901678479754475,1.3064113642671107,,,,,,
DND1_HARS1,Patient20,1,1,529.6610169491526,575.3739930955121,1888,1738,30.0,7.0,6257.584837425145,4787.651552621155,-1.1963953010197776,-68.28423018138061,-1.3039026326877898,,,,,,
DND1_HARS1,Patient21,7,0,4940.014114326041,0.0,1417,1328,16.0,20.0,6257.584837425145,4787.651552621155,-0.2752018831399202,-28.752639510370685,-0.0015293083258255374,,,,,,
DND1_HARS1,Patient22,6,0,4914.004914004914,0.0,1221,2106,17.0,20.0,6257.584837425145,4787.651552621155,-0.2806344423049428,-28.85498913917494,-0.006580651682398361,,,,,,
DND1_HARS1,Patient23,9,1,13533.834586466164,862.8127696289905,665,1159,2.0,4.0,6257.584837425145,4787.651552621155,1.519795179132742,-10.901678479754475,0.5890256501216089,,,,,,
DND1_HARS1,Patient24,7,0,6610.0094428706325,0.0,1059,1661,11.0,20.0,6257.584837425145,4787.651552621155,0.07361116438236628,-23.582587789704753,0.17179158849397663,,,,,,
DND1_HARS1,Patient25,4,0,2915.451895043732,0.0,1372,1946,25.0,20.0,6257.584837425145,4787.651552621155,-0.6980735556144755,-38.10018362920467,-0.3107709864075062,,,,,,
DND1_HARS1,Patient26,8,0,4733.7278106508875,0.0,1690,1469,18.0,20.0,6257.584837425145,4787.651552621155,-0.3182890421379921,-29.516921759976167,-0.02835991286550688,,,,,,
DND1_HARS1,Patient27,4,2,4362.0501635768815,1389.854065323141,917,1439,20.0,2.0,6257.584837425145,4787.651552621155,-0.3959216022750219,-30.965062807537095,-0.07600742427933221,,,,,,
DND1_HARS1,Patient28,15,0,10183.299389002037,0.0,1473,1202,5.0,20.0,6257.584837425145,4787.651552621155,0.8199666388477315,-15.935236636131664,0.4234088270144349,1.0,1.0,1.0,1.0,1.0,
DND1_HARS1,Patient29,9,0,8620.689655172413,0.0,1044,1857,7.0,20.0,6257.584837425145,4787.651552621155,0.49358329272177487,-18.883067955928343,0.32641770402084774,,,,,,
DND1_HARS1,Patient3,7,2,3522.8988424760946,990.5894006934126,1987,2019,24.0,3.0,6257.584837425145,4787.651552621155,-0.5711957031317073,-34.74875768954441,-0.20050057733270643,,,,,,
DND1_HARS1,Patient30,12,0,7237.6357056694815,0.0,1658,1808,10.0,20.0,6257.584837425145,4787.651552621155,0.20470388403846462,-21.977473995956544,0.22460390117368376,,,,,,
DND1_HARS1,Patient31,10,0,10351.966873706004,0.0,966,1858,4.0,20.0,6257.584837425145,4787.651552621155,0.8551963298246414,-15.644537123226074,0.4329735778945316,,,,,,
DND1_HARS1,Patient4,8,0,5148.005148005148,0.0,1554,1450,14.0,20.0,6257.584837425145,4787.651552621155,-0.23175865603931056,-28.00581375137724,0.026256241747408243,,,,,,
DND1_HARS1,Patient5,5,0,2508.7807325639737,0.0,1993,1596,27.0,20.0,6257.584837425145,4787.651552621155,-0.7830152348511594,-40.760284071962204,-0.3982950341663132,,,,,,
DND1_HARS1,Patient6,13,0,7584.597432905484,0.0,1714,1602,9.0,20.0,6257.584837425145,4787.651552621155,0.2771740133748503,-21.148893969999893,0.2518662844273952,,,,,,
DND1_HARS1,Patient7,8,0,4692.08211143695,0.0,1705,1726,19.0,20.0,6257.584837425145,4787.651552621155,-0.3269876073439618,-29.673416638319093,-0.03350899106794354,,,,,,
DND1_HARS1,Patient8,7,0,5937.234944868533,0.0,1179,1359,13.0,20.0,6257.584837425145,4787.651552621155,-0.06691169752761703,-25.48197862547481,0.10929681515743024,,,,,,
DND1_HARS1,Patient9,19,1,12726.054922973877,580.7200929152149,1493,1722,3.0,6.0,6257.584837425145,4787.651552621155,1.3510736975015147,-11.990733364713021,0.5531929837188831,,,,,,
HARS1,Patient1,573,643,301261.8296529968,374490.39021549217,1902,1717,16.0,12.0,300317.51055908325,119987.60024009625,0.007870139014564402,-23.736152374350798,0.020269649132851925,,,,,,"Charcot-Marie-Tooth disease, axonal, type 2W, 616625 (3), Autosomal dominant; Usher syndrome type 3B, 614504 (3), Autosomal recessive"
HARS1,Patient10,561,402,257339.4495412844,288378.7661406025,2180,1394,21.0,25.0,300317.51055908325,119987.60024009625,-0.35818752047544383,-27.908463722287667,-0.3859758563703397,,,,,,"Charcot-Marie-Tooth disease, axonal, type 2W, 616625 (3), Autosomal dominant; Usher syndrome type 3B, 614504 (3), Autosomal recessive"
HARS1,Patient11,431,252,193620.8445642408,184345.28163862473,2226,1367,28.0,30.0,300317.51055908325,119987.60024009625,-0.8892307686906104,-35.38380040062162,-1.0407933163304366,,,,,,"Charcot-Marie-Tooth disease, axonal, type 2W, 616625 (3), Autosomal dominant; Usher syndrome type 3B, 614504 (3), Autosomal recessive"
HARS1,Patient12,462,520,230538.92215568863,290340.59184812946,2004,1791,23.0,23.0,300317.51055908325,119987.60024009625,-0.5815483288587074,-30.79819000922023,-0.6391073618279419,,,,,,"Charcot-Marie-Tooth disease, axonal, type 2W, 616625 (3), Autosomal dominant; Usher syndrome type 3B, 614504 (3), Autosomal recessive"
HARS1,Patient13,488,548,195591.18236472944,247069.43192064922,2495,2218,27.0,28.0,300317.51055908325,119987.60024009625,-0.8728095901976164,-35.11776145543783,-1.017489088864586,,,,,,"Charcot-Marie-Tooth disease, axonal, type 2W, 616625 (3), Autosomal dominant; Usher syndrome type 3B, 614504 (3), Autosomal recessive"
HARS1,Patient14,338,464,291128.3376399655,271662.7634660422,1161,1708,17.0,27.0,300317.51055908325,119987.60024009625,-0.07658435455605507,-24.666853301892303,-0.1020203379766774,,,,,,"Charcot-Marie-Tooth disease, axonal, type 2W, 616625 (3), Autosomal dominant; Usher syndrome type 3B, 614504 (3), Autosomal recessive"
HARS1,Patient15,427,988,310319.7674418605,383987.56315584923,1376,2573,13.0,9.0,300317.51055908325,119987.60024009625,0.08336075446765048,-22.942796187589504,0.11025899263175015,,,,,,"Charcot-Marie-Tooth disease, axonal, type 2W, 616625 (3), Autosomal dominant; Usher syndrome type 3B, 614504 (3), Autosomal recessive"
HARS1,Patient16,653,647,468100.358422939,509047.9937057435,1395,1271,2.0,1.0,300317.51055908325,119987.60024009625,1.398334890673043,-12.163207479231447,1.0545191913569734,1.0,1.0,1.0,1.0,1.0,"Charcot-Marie-Tooth disease, axonal, type 2W, 616625 (3), Autosomal dominant; Usher syndrome type 3B, 614504 (3), Autosomal recessive"
HARS1,Patient17,401,543,411282.0512820513,442542.7872860636,975,1227,4.0,5.0,300317.51055908325,119987.60024009625,0.9248000668479662,-15.556509711496501,0.7572759173451395,1.0,1.0,1.0,1.0,1.0,"Charcot-Marie-Tooth disease, axonal, type 2W, 616625 (3), Autosomal dominant; Usher syndrome type 3B, 614504 (3), Autosomal recessive"
HARS1,Patient18,325,594,328947.36842105264,428262.4369142033,988,1387,10.0,6.0,300317.51055908325,119987.60024009625,0.23860680440879548,-21.414161436666365,0.24416289126248258,,,,,,"Charcot-Marie-Tooth disease, axonal, type 2W, 616625 (3), Autosomal dominant; Usher syndrome type 3B, 614504 (3), Autosomal recessive"
HARS1,Patient19,419,582,340927.5834011391,375968.992248062,1229,1548,9.0,11.0,300317.51055908325,119987.60024009625,0.3384522464054182,-20.476116892099526,0.32633282854209456,,,,,,"Charcot-Marie-Tooth disease, axonal, type 2W, 616625 (3), Autosomal dominant; Usher syndrome type 3B, 614504 (3), Autosomal recessive"
HARS1,Patient2,145,71,113547.37666405638,65437.78801843317,1277,1085,31.0,31.0,300317.51055908325,119987.60024009625,-1.556578625802151,-49.40672600824294,-2.269160267909468,,,,,,"Charcot-Marie-Tooth disease, axonal, type 2W, 616625 (3), Autosomal dominant; Usher syndrome type 3B, 614504 (3), Autosomal recessive"
HARS1,Patient20,715,781,378707.6271186441,449367.08860759495,1888,1738,5.0,4.0,300317.51055908325,119987.60024009625,0.6533184795987377,-17.720264906418702,0.5677373397957199,1.0,1.0,1.0,1.0,1.0,"Charcot-Marie-Tooth disease, axonal, type 2W, 616625 (3), Autosomal dominant; Usher syndrome type 3B, 614504 (3), Autosomal recessive"
HARS1,Patient21,446,461,314749.47071277344,347138.5542168675,1417,1328,12.0,18.0,300317.51055908325,119987.60024009625,0.12027876317895941,-22.571124082430494,0.14281637356465654,,,,,,"Charcot-Marie-Tooth disease, axonal, type 2W, 616625 (3), Autosomal dominant; Usher syndrome type 3B, 614504 (3), Autosomal recessive"
HARS1,Patient22,394,738,322686.3226863227,350427.35042735044,1221,2106,11.0,16.0,300317.51055908325,119987.60024009625,0.1864260313772359,-21.91808301455208,0.20002084631531752,,,,,,"Charcot-Marie-Tooth disease, axonal, type 2W, 616625 (3), Autosomal dominant; Usher syndrome type 3B, 614504 (3), Autosomal recessive"
HARS1,Patient23,495,545,744360.9022556391,470232.9594477998,665,1159,1.0,3.0,300317.51055908325,119987.60024009625,3.7007440002802046,12.163207479231447,3.185441441214247,1.0,1.0,1.0,1.0,1.0,"Charcot-Marie-Tooth disease, axonal, type 2W, 616625 (3), Autosomal dominant; Usher syndrome type 3B, 614504 (3), Autosomal recessive"
HARS1,Patient24,475,805,448536.35505193577,484647.80252859724,1059,1661,3.0,2.0,300317.51055908325,119987.60024009625,1.2352846810525862,-13.282730604993038,0.956452265260853,1.0,1.0,1.0,1.0,1.0,"Charcot-Marie-Tooth disease, axonal, type 2W, 616625 (3), Autosomal dominant; Usher syndrome type 3B, 614504 (3), Autosomal recessive"
HARS1,Patient25,354,738,258017.4927113703,379239.4655704008,1372,1946,20.0,10.0,300317.51055908325,119987.60024009625,-0.3525365768051887,-27.839322495411047,-0.379919288685155,,,,,,"Charcot-Marie-Tooth disease, axonal, type 2W, 616625 (3), Autosomal dominant; Usher syndrome type 3B, 614504 (3), Autosomal recessive"
HARS1,Patient26,221,547,130769.23076923077,372362.15112321306,1690,1469,30.0,13.0,300317.51055908325,119987.60024009625,-1.4130483437503951,-45.69621678104425,-1.9441305960881492,,,,,,"Charcot-Marie-Tooth disease, axonal, type 2W, 616625 (3), Autosomal dominant; Usher syndrome type 3B, 614504 (3), Autosomal recessive"
HARS1,Patient27,324,534,353326.0632497274,371091.03544127865,917,1439,8.0,14.0,300317.51055908325,119987.60024009625,0.44178358917566135,-19.53941203162295,0.4083854134440302,,,,,,"Charcot-Marie-Tooth disease, axonal, type 2W, 616625 (3), Autosomal dominant; Usher syndrome type 3B, 614504 (3), Autosomal recessive"
HARS1,Patient28,307,246,208418.194161575,204658.90183028285,1473,1202,26.0,29.0,300317.51055908325,119987.60024009625,-0.7659067788139517,-33.44871974975448,-0.8712859548371003,,,,,,"Charcot-Marie-Tooth disease, axonal, type 2W, 616625 (3), Autosomal dominant; Usher syndrome type 3B, 614504 (3), Autosomal recessive"
HARS1,Patient29,392,544,375478.92720306513,292945.6112008616,1044,1857,6.0,22.0,300317.51055908325,119987.60024009625,0.6264098664660617,-17.944786427477773,0.5480699163133244,,,,,,"Charcot-Marie-Tooth disease, axonal, type 2W, 616625 (3), Autosomal dominant; Usher syndrome type 3B, 614504 (3), Autosomal recessive"
HARS1,Patient3,609,838,306492.19929542026,415056.9588905399,1987,2019,15.0,7.0,300317.51055908325,119987.60024009625,0.05146105700906925,-23.268244395638124,0.08175068884382516,,,,,,"Charcot-Marie-Tooth disease, axonal, type 2W, 616625 (3), Autosomal dominant; Usher syndrome type 3B, 614504 (3), Autosomal recessive"
HARS1,Patient30,429,512,258745.47647768396,283185.8407079646,1658,1808,19.0,26.0,300317.51055908325,119987.60024009625,-0.3464694184916882,-27.765290710927857,-0.37343432256823095,,,,,,"Charcot-Marie-Tooth disease, axonal, type 2W, 616625 (3), Autosomal dominant; Usher syndrome type 3B, 614504 (3), Autosomal recessive"
HARS1,Patient31,127,537,131469.97929606625,289020.45209903124,966,1858,29.0,24.0,300317.51055908325,119987.60024009625,-1.4072081692204161,-45.55578946726294,-1.9318295773011545,,,,,,"Charcot-Marie-Tooth disease, axonal, type 2W, 616625 (3), Autosomal dominant; Usher syndrome type 3B, 614504 (3), Autosomal recessive"
HARS1,Patient4,420,453,270270.27027027024,312413.7931034483,1554,1450,18.0,20.0,300317.51055908325,119987.60024009625,-0.25041954525874527,-26.620249960738565,-0.27313212778375945,,,,,,"Charcot-Marie-Tooth disease, axonal, type 2W, 616625 (3), Autosomal dominant; Usher syndrome type 3B, 614504 (3), Autosomal recessive"
HARS1,Patient5,435,559,218263.92373306572,350250.62656641606,1993,1596,24.0,17.0,300317.51055908325,119987.60024009625,-0.6838505534057484,-32.2358677035942,-0.765043690394894,,,,,,"Charcot-Marie-Tooth disease, axonal, type 2W, 616625 (3), Autosomal dominant; Usher syndrome type 3B, 614504 (3), Autosomal recessive"
HARS1,Patient6,531,657,309801.6336056009,410112.3595505618,1714,1602,14.0,8.0,300317.51055908325,119987.60024009625,0.07904252629054877,-22.98661610076363,0.10642049739400147,,,,,,"Charcot-Marie-Tooth disease, axonal, type 2W, 616625 (3), Autosomal dominant; Usher syndrome type 3B, 614504 (3), Autosomal recessive"
HARS1,Patient7,431,605,252785.9237536657,350521.436848204,1705,1726,22.0,15.0,300317.51055908325,119987.60024009625,-0.3961374901265333,-28.37756866463232,-0.4270680666638453,,,,,,"Charcot-Marie-Tooth disease, axonal, type 2W, 616625 (3), Autosomal dominant; Usher syndrome type 3B, 614504 (3), Autosomal recessive"
HARS1,Patient8,257,410,217981.3401187447,301692.4208977189,1179,1359,25.0,21.0,300317.51055908325,119987.60024009625,-0.6862056602147484,-32.26990880644037,-0.7680255906703122,,,,,,"Charcot-Marie-Tooth disease, axonal, type 2W, 616625 (3), Autosomal dominant; Usher syndrome type 3B, 614504 (3), Autosomal recessive"
HARS1,Patient9,547,592,366376.42330877425,343786.29500580725,1493,1722,7.0,19.0,300317.51055908325,119987.60024009625,0.5505478284214913,-18.58831797580189,0.49169844944693786,,,,,,"Charcot-Marie-Tooth disease, axonal, type 2W, 616625 (3), Autosomal dominant; Usher syndrome type 3B, 614504 (3), Autosomal recessive"
SRSF6,Patient1,191,95,100420.60988433227,55329.062317996504,1902,1717,19.0,19.0,160417.51776205545,120322.16307277037,-0.49863554930804627,-40.70707969249807,-0.4651005144070183,,,,,,
SRSF6,Patient10,345,248,158256.88073394497,177905.30846484934,2180,1394,16.0,3.0,160417.51776205545,120322.16307277037,-0.017957099281898137,-29.115764596892497,0.11553564924289217,,,,,,
SRSF6,Patient11,1145,299,514375.5615453728,218727.139722019,2226,1367,1.0,2.0,160417.51776205545,120322.16307277037,2.9417526642140315,6.505825941363113,1.5439718448422146,1.0,1.0,1.0,1.0,1.0,
SRSF6,Patient12,348,223,173652.69461077845,124511.44611948633,2004,1791,13.0,10.0,160417.51776205545,120322.16307277037,0.10999783008154879,-26.821579651655302,0.20792894154946612,,,,,,
SRSF6,Patient13,696,387,278957.91583166335,174481.51487826873,2495,2218,5.0,5.0,160417.51776205545,120322.16307277037,0.9851917139979867,-15.11372889807199,0.6772781343174877,1.0,1.0,1.0,1.0,1.0,
SRSF6,Patient14,121,44,104220.49956933677,25761.124121779856,1161,1708,18.0,24.0,160417.51776205545,120322.16307277037,-0.4670545870982301,-39.78156397048685,-0.42799805502632204,,,,,,
SRSF6,Patient15,324,294,235465.11627906974,114263.505635445,1376,2573,8.0,11.0,160417.51776205545,120322.16307277037,0.6237221522657118,-19.300322214999234,0.5094442393435196,1.0,1.0,1.0,1.0,1.0,
SRSF6,Patient16,93,54,66666.66666666667,42486.231313926044,1395,1271,22.0,22.0,160417.51776205545,120322.16307277037,-0.7791652734724244,-50.91531723412848,-0.8743325887296296,,,,,,
SRSF6,Patient17,56,25,57435.89743589744,20374.89812550937,975,1227,25.0,27.0,160417.51776205545,120322.16307277037,-0.8558823885494407,-54.629069732256426,-1.0232110442055926,,,,,,
SRSF6,Patient18,157,82,158906.8825910931,59120.403749098776,988,1387,14.0,17.0,160417.51776205545,120322.16307277037,-0.01255492032709481,-29.01342027597746,0.12006152255397673,,,,,,
SRSF6,Patient19,74,31,60211.55410903173,20025.83979328165,1229,1548,23.0,28.0,160417.51776205545,120322.16307277037,-0.8328138482053348,-53.45304500241514,-0.9760660754796031,,,,,,
SRSF6,Patient2,88,62,68911.51135473767,57142.857142857145,1277,1085,21.0,18.0,160417.51776205545,120322.16307277037,-0.7605083225770742,-50.09005910966777,-0.8412492976377665,,,,,,
SRSF6,Patient20,54,81,28601.694915254237,46605.29344073648,1888,1738,29.0,21.0,160417.51776205545,120322.16307277037,-1.0955240454502093,-72.00222335280621,-1.7196732556959666,,,,,,
SRSF6,Patient21,334,122,235709.24488355682,91867.46987951807,1417,1328,7.0,12.0,160417.51776205545,120322.16307277037,0.6257511101754815,-19.27472676868751,0.5104703202457951,1.0,1.0,1.0,1.0,1.0,
SRSF6,Patient22,58,43,47502.047502047506,20417.853751187085,1221,2106,27.0,26.0,160417.51776205545,120322.16307277037,-0.9384428219738463,-59.36100804918078,-1.2129069564631672,,,,,,
SRSF6,Patient23,27,18,40601.503759398496,15530.629853321829,665,1159,28.0,30.0,160417.51776205545,120322.16307277037,-0.9957933845503815,-63.272391991080355,-1.369708143493545,,,,,,
SRSF6,Patient24,27,41,25495.7507082153,24683.925346177002,1059,1661,30.0,25.0,160417.51776205545,120322.16307277037,-1.121337612358581,-74.86665654050164,-1.834503845244719,,,,,,
SRSF6,Patient25,341,346,248542.2740524781,177800.61664953752,1372,1946,6.0,4.0,160417.51776205545,120322.16307277037,0.7324066825255224,-17.965286820125943,0.5629636937753023,1.0,1.0,1.0,1.0,1.0,
SRSF6,Patient26,668,201,395266.2721893491,136827.7739959156,1690,1469,2.0,9.0,160417.51776205545,120322.16307277037,1.9518328829016982,-6.505825941363115,1.022355329883912,1.0,1.0,1.0,1.0,1.0,
SRSF6,Patient27,92,45,100327.15376226827,31271.716469770672,917,1439,20.0,23.0,160417.51776205545,120322.16307277037,-0.4994122650824085,-40.73028101616669,-0.4660306187245579,,,,,,
SRSF6,Patient28,299,165,202987.10115410725,137271.2146422629,1473,1202,11.0,8.0,160417.51776205545,120322.16307277037,0.35379669301910643,-22.96629243292198,0.36248129979912586,,,,,,
SRSF6,Patient29,61,35,58429.11877394636,18847.60366182014,1044,1857,24.0,29.0,160417.51776205545,120322.16307277037,-0.8476277053499022,-54.20184452062135,-1.0060842621487152,,,,,,
SRSF6,Patient3,371,172,186713.63865123302,85190.68845963349,1987,2019,12.0,13.0,160417.51776205545,120322.16307277037,0.21854760766953452,-25.030372935086774,0.27973558174299534,1.0,1.0,1.0,1.0,1.0,
SRSF6,Patient30,496,127,299155.6091676719,70243.36283185841,1658,1808,4.0,14.0,160417.51776205545,120322.16307277037,1.1530551634257786,-13.38713012185954,0.746494744513987,1.0,1.0,1.0,1.0,1.0,
SRSF6,Patient31,153,125,158385.09316770185,67276.64155005381,966,1858,15.0,16.0,160417.51776205545,120322.16307277037,-0.016891523078124776,-29.094658670105975,0.11680480400601273,,,,,,
SRSF6,Patient4,197,100,126769.62676962678,68965.51724137932,1554,1450,17.0,15.0,160417.51776205545,120322.16307277037,-0.2796483219145467,-34.900912132344146,-0.23234045324890476,,,,,,
SRSF6,Patient5,682,354,342197.69192172604,221804.51127819548,1993,1596,3.0,1.0,160417.51776205545,120322.16307277037,1.5107788084704783,-10.066845104728335,0.8795997118858448,1.0,1.0,1.0,1.0,1.0,
SRSF6,Patient6,89,77,51925.32088681447,48064.91885143571,1714,1602,26.0,20.0,160417.51776205545,120322.16307277037,-0.9016809048689169,-57.14242411777683,-1.1239674406452147,,,,,,
SRSF6,Patient7,375,262,219941.34897360703,151796.06025492467,1705,1726,10.0,7.0,160417.51776205545,120322.16307277037,0.4947037992954948,-20.984902890241834,0.441912068262868,1.0,1.0,1.0,1.0,1.0,
SRSF6,Patient8,262,217,222222.22222222222,159676.23252391466,1179,1359,9.0,6.0,160417.51776205545,120322.16307277037,0.5136601843069222,-20.730074639347425,0.4521277292214066,1.0,1.0,1.0,1.0,1.0,
SRSF6,Patient9,7,3,4688.546550569323,1742.1602787456445,1493,1722,31.0,31.0,160417.51776205545,120322.16307277037,-1.294266718902833,-117.05982718191842,-3.5259612269346365,,,,,,
VTA1,Patient1,1133,979,595688.7486855942,570180.5474665114,1902,1717,7.0,15.0,527350.5502297393,111313.2803609229,0.6139267321408073,-7.738643989529481,0.5112340701643285,1.0,1.0,1.0,1.0,1.0,
VTA1,Patient10,1255,741,575688.0733944954,531563.8450502153,2180,1394,13.0,19.0,527350.5502297393,111313.2803609229,0.4342475849065469,-8.674248824734839,0.38301008760301125,1.0,1.0,1.0,1.0,1.0,
VTA1,Patient11,640,810,287511.2309074573,592538.405267008,2226,1367,30.0,10.0,527350.5502297393,111313.2803609229,-2.154633468213545,-27.74653738264355,-2.3238340815132514,,,,,,
VTA1,Patient12,1180,1046,588822.3552894212,584031.2674483529,2004,1791,10.0,13.0,527350.5502297393,111313.2803609229,0.5522414294176338,-8.056255792740057,0.4677055966211125,1.0,1.0,1.0,1.0,1.0,
VTA1,Patient13,1283,1281,514228.4569138276,577547.3399458972,2495,2218,20.0,14.0,527350.5502297393,111313.2803609229,-0.11788434653407476,-11.789115833879244,-0.13688071680214,,,,,,
VTA1,Patient14,693,1194,596899.2248062015,699063.2318501171,1161,1708,6.0,2.0,527350.5502297393,111313.2803609229,0.6248012308231073,-7.683032032513407,0.5188556496371031,1.0,1.0,1.0,1.0,1.0,
VTA1,Patient15,613,1275,445494.18604651163,495530.5091333074,1376,2573,26.0,25.0,527350.5502297393,111313.2803609229,-0.7353692561913192,-15.727204031781625,-0.6765929258587874,,,,,,
VTA1,Patient16,641,567,459498.20788530464,446105.4287962235,1395,1271,24.0,29.0,527350.5502297393,111313.2803609229,-0.6095619689261673,-14.877718233185572,-0.5601714965046317,,,,,,
VTA1,Patient17,503,645,515897.4358974359,525672.3716381418,975,1227,19.0,20.0,527350.5502297393,111313.2803609229,-0.10289081675760298,-11.700180433166127,-0.1246921828815992,,,,,,
VTA1,Patient18,483,699,488866.39676113357,503965.39293439075,988,1387,22.0,21.0,527350.5502297393,111313.2803609229,-0.34572832050070257,-13.177305459019735,-0.327131125508874,,,,,,
VTA1,Patient19,725,912,589910.4963384866,589147.2868217054,1229,1548,9.0,11.0,527350.5502297393,111313.2803609229,0.5620169121411435,-8.005676570202642,0.4746374433843659,1.0,1.0,1.0,1.0,1.0,
VTA1,Patient2,1009,937,790133.1245105717,863594.470046083,1277,1085,1.0,1.0,527350.5502297393,111313.2803609229,2.360747733143651,3.448071103019022,2.0443654809597023,1.0,1.0,1.0,1.0,1.0,
VTA1,Patient20,1110,862,587923.7288135594,495972.38204833143,1888,1738,11.0,23.0,527350.5502297393,111313.2803609229,0.5441684800539275,-8.098096474369243,0.4619713607239703,,,,,,
VTA1,Patient21,626,737,441778.4050811574,554969.8795180722,1417,1328,27.0,16.0,527350.5502297393,111313.2803609229,-0.7687505468451042,-15.957088253835588,-0.7080983962995204,,,,,,
VTA1,Patient22,754,1319,617526.6175266175,626305.7929724597,1221,2106,4.0,8.0,527350.5502297393,111313.2803609229,0.8101105906185744,-6.752315672159464,0.6464096701690325,1.0,1.0,1.0,1.0,1.0,
VTA1,Patient23,127,581,190977.44360902256,501294.21915444353,665,1159,31.0,22.0,527350.5502297393,111313.2803609229,-3.0218596157624535,-38.974971304323724,-3.8626830284069547,,,,,,
VTA1,Patient24,548,804,517469.31067044387,484045.7555689343,1059,1661,18.0,27.0,527350.5502297393,111313.2803609229,-0.08876963761427582,-11.616682154698143,-0.11324880272866451,,,,,,
VTA1,Patient25,664,856,483965.0145772595,439876.67009249737,1372,1946,23.0,30.0,527350.5502297393,111313.2803609229,-0.389760642322338,-13.453871166933641,-0.3650342606512094,,,,,,
VTA1,Patient26,775,695,458579.88165680476,473110.9598366235,1690,1469,25.0,28.0,527350.5502297393,111313.2803609229,-0.6178118940521028,-14.932625664806398,-0.5676965212690562,,,,,,
VTA1,Patient27,476,847,519083.9694656489,588603.1966643502,917,1439,17.0,12.0,527350.5502297393,111313.2803609229,-0.07426410161740625,-11.531174851282207,-0.10153008712405386,,,,,,
VTA1,Patient28,851,786,577732.5186693822,653910.1497504159,1473,1202,12.0,4.0,527350.5502297393,111313.2803609229,0.45261417394478093,-8.577132900473703,0.39631975650414814,,,,,,
VTA1,Patient29,569,1270,545019.1570881226,683898.761443188,1044,1857,15.0,3.0,527350.5502297393,111313.2803609229,0.15872865125432004,-10.173991965821624,0.17747134824094057,,,,,,
VTA1,Patient3,999,1000,502767.99194765976,495294.7003467063,1987,2019,21.0,26.0,527350.5502297393,111313.2803609229,-0.22084119884323666,-12.407722928977682,-0.22166038273535324,,,,,,
VTA1,Patient30,705,1148,425211.09770808206,634955.7522123894,1658,1808,29.0,6.0,527350.5502297393,111313.2803609229,-0.9175855045371011,-17.00615838796616,-0.8518727180246022,,,,,,
VTA1,Patient31,673,1178,696687.370600414,634015.0699677072,966,1858,2.0,7.0,527350.5502297393,111313.2803609229,1.5212634091962425,-3.4480711030190214,1.099254057103818,1.0,1.0,1.0,1.0,1.0,
VTA1,Patient4,920,891,592020.592020592,614482.7586206896,1554,1450,8.0,9.0,527350.5502297393,111313.2803609229,0.5809732817249308,-7.907859944811791,0.4880431428809599,1.0,1.0,1.0,1.0,1.0,
VTA1,Patient5,862,676,432513.79829402914,423558.8972431078,1993,1596,28.0,31.0,527350.5502297393,111313.2803609229,-0.8519805689690471,-16.538789794260765,-0.7878201820029876,,,,,,
VTA1,Patient6,1080,866,630105.0175029171,540574.2821473158,1714,1602,3.0,17.0,527350.5502297393,111313.2803609229,0.9231105842897277,-6.1999127112497705,0.7221161062211267,1.0,1.0,1.0,1.0,1.0,
VTA1,Patient7,889,856,521407.6246334311,495944.3800695249,1705,1726,16.0,24.0,527350.5502297393,111313.2803609229,-0.05338918749891132,-11.406699804512204,-0.07594126111688695,,,,,,
VTA1,Patient8,648,726,549618.320610687,534216.3355408389,1179,1359,14.0,18.0,527350.5502297393,111313.2803609229,0.20004594518054428,-9.943787758601166,0.2090206724229805,,,,,,
VTA1,Patient9,909,1124,608841.259209645,652729.3844367014,1493,1722,5.0,5.0,527350.5502297393,111313.2803609229,0.7320843363494427,-7.140355661013428,0.593229063473062,1.0,1.0,1.0,1.0,1.0,
novelGene_SRSF6_AS,Patient1,0,0,0.0,0.0,1902,1717,31.0,31.0,5656.836611696904,5571.930451139398,-1.015238194608144,-174.82661412837717,-4.669086499195496,,,,,,
novelGene_SRSF6_AS,Patient10,2,3,917.4311926605506,2152.080344332855,2180,1394,27.0,25.0,5656.836611696904,5571.930451139398,-0.8505858895039146,-56.011251060671384,-0.8623091119345844,,,,,,
novelGene_SRSF6_AS,Patient11,5,6,2246.18149146451,4389.1733723482075,2226,1367,21.0,15.0,5656.836611696904,5571.930451139398,-0.6121137279333686,-40.42909902404012,-0.3630657271872115,,,,,,
novelGene_SRSF6_AS,Patient12,4,2,1996.007984031936,1116.6945840312674,2004,1791,23.0,29.0,5656.836611696904,5571.930451139398,-0.6570126206288825,-42.48451022810094,-0.428919945792618,,,,,,
novelGene_SRSF6_AS,Patient13,3,2,1202.4048096192384,901.7132551848512,2495,2218,25.0,30.0,5656.836611696904,5571.930451139398,-0.7994413859144246,-51.30502101124215,-0.7115241488721393,,,,,,
novelGene_SRSF6_AS,Patient14,9,6,7751.937984496124,3512.88056206089,1161,1708,8.0,20.0,5656.836611696904,5571.930451139398,0.3760099647996854,-18.830196269478552,0.3377405824404367,,,,,,
novelGene_SRSF6_AS,Patient15,6,15,4360.46511627907,5829.770695685969,1376,2573,15.0,13.0,5656.836611696904,5571.930451139398,-0.23266110494123995,-28.831036767195723,0.017319279358456435,,,,,,
novelGene_SRSF6_AS,Patient16,3,3,2150.537634408602,2360.346184107002,1395,1271,22.0,24.0,5656.836611696904,5571.930451139398,-0.6292790278046816,-41.186538136683644,-0.38733365022167004,,,,,,
novelGene_SRSF6_AS,Patient17,9,14,9230.76923076923,11409.942950285247,975,1227,7.0,5.0,5656.836611696904,5571.930451139398,0.6414173059790251,-15.795179798230405,0.4349808026813842,,,,,,
novelGene_SRSF6_AS,Patient18,21,12,21255.06072874494,8651.766402307137,988,1387,2.0,7.0,5656.836611696904,5571.930451139398,2.799429076480732,-1.296415811473736,0.8995130438240269,1.0,1.0,1.0,1.0,1.0,
novelGene_SRSF6_AS,Patient19,6,22,4882.017900732303,14211.886304909562,1229,1548,13.0,2.0,5656.836611696904,5571.930451139398,-0.1390574986100479,-26.86733068452576,0.08023531746772801,,,,,,
novelGene_SRSF6_AS,Patient2,3,9,2349.256068911511,8294.930875576038,1277,1085,20.0,8.0,5656.836611696904,5571.930451139398,-0.5936148291493891,-39.64808842567843,-0.3380425870116419,,,,,,
novelGene_SRSF6_AS,Patient20,8,13,4237.28813559322,7479.861910241657,1888,1738,17.0,10.0,5656.836611696904,5571.930451139398,-0.2547678023894575,-29.37971162605691,-0.009049571332356078,,,,,,
novelGene_SRSF6_AS,Patient21,4,8,2822.8652081863092,6024.096385542169,1417,1328,19.0,12.0,5656.836611696904,5571.930451139398,-0.5086157173643613,-36.451039872965126,-0.2356109500396704,,,,,,
novelGene_SRSF6_AS,Patient22,9,6,7371.007371007372,2849.002849002849,1221,2106,9.0,23.0,5656.836611696904,5571.930451139398,0.30764396188038196,-19.706073712516794,0.30967796193344144,,,,,,
novelGene_SRSF6_AS,Patient23,7,14,10526.315789473683,12079.378774805868,665,1159,5.0,3.0,5656.836611696904,5571.930451139398,0.8739303586930136,-13.512162841856227,0.5081273815400963,,,,,,
novelGene_SRSF6_AS,Patient24,2,11,1888.5741265344666,6622.516556291391,1059,1661,24.0,11.0,5656.836611696904,5571.930451139398,-0.6762938838175678,-43.44752376928085,-0.4597743578613731,,,,,,
novelGene_SRSF6_AS,Patient25,9,6,6559.766763848396,3083.247687564234,1372,1946,11.0,22.0,5656.836611696904,5571.930451139398,0.1620497886808428,-21.73283693946861,0.24474160839727835,,,,,,
novelGene_SRSF6_AS,Patient26,18,26,10650.887573964497,17699.115044247785,1690,1469,4.0,1.0,5656.836611696904,5571.930451139398,0.8962873829924358,-13.307652863858607,0.5146797661779897,,,,,,
novelGene_SRSF6_AS,Patient27,21,11,22900.763358778626,7644.197359277276,917,1439,1.0,9.0,5656.836611696904,5571.930451139398,3.0947849938714738,1.2964158114737363,0.9825859102982633,1.0,1.0,1.0,1.0,1.0,
novelGene_SRSF6_AS,Patient28,1,5,678.8866259334691,4159.733777038269,1473,1202,28.0,18.0,5656.836611696904,5571.930451139398,-0.8933977244359715,-61.24859343911198,-1.0301106152151813,,,,,,
novelGene_SRSF6_AS,Patient29,13,8,12452.107279693486,4308.023694130317,1044,1857,3.0,17.0,5656.836611696904,5571.930451139398,1.219554107429145,-10.591574043065943,0.6017014035324111,1.0,1.0,1.0,1.0,1.0,
novelGene_SRSF6_AS,Patient3,1,7,503.27126321087064,3467.0629024269438,1987,2019,30.0,21.0,5656.836611696904,5571.930451139398,-0.9249155914055219,-66.45233888296076,-1.196835691613065,,,,,,
novelGene_SRSF6_AS,Patient30,16,21,9650.180940892642,11615.044247787611,1658,1808,6.0,4.0,5656.836611696904,5571.930451139398,0.716689550275909,-15.022781041603249,0.45972802429279463,,,,,,
novelGene_SRSF6_AS,Patient31,3,18,3105.590062111801,9687.83638320775,966,1858,18.0,6.0,5656.836611696904,5571.930451139398,-0.45787480155345456,-34.78933568798439,-0.18237088282633515,,,,,,
novelGene_SRSF6_AS,Patient4,9,6,5791.505791505791,4137.931034482759,1554,1450,12.0,19.0,5656.836611696904,5571.930451139398,0.024169214061411943,-23.897982131616782,0.17537157454980698,,,,,,
novelGene_SRSF6_AS,Patient5,9,7,4515.805318615153,4385.964912280701,1993,1596,14.0,16.0,5656.836611696904,5571.930451139398,-0.20478204153614704,-28.222622697632225,0.03681252385400122,,,,,,
novelGene_SRSF6_AS,Patient6,1,2,583.4305717619603,1248.4394506866417,1714,1602,29.0,27.0,5656.836611696904,5571.930451139398,-0.910529319133459,-63.88324445345808,-1.1145233514622737,,,,,,
novelGene_SRSF6_AS,Patient7,2,3,1173.0205278592375,1738.1228273464658,1705,1726,26.0,26.0,5656.836611696904,5571.930451139398,-0.8047150127153463,-51.73552653668002,-0.7253173037051039,,,,,,
novelGene_SRSF6_AS,Patient8,5,6,4240.882103477524,4415.0110375275935,1179,1359,16.0,14.0,5656.836611696904,5571.930451139398,-0.2541227893341405,-29.36348447249197,-0.00826970802610047,,,,,,
novelGene_SRSF6_AS,Patient9,11,2,7367.716008037508,1161.4401858304298,1493,1722,10.0,28.0,5656.836611696904,5571.930451139398,0.30705325763546604,-19.71383719214904,0.30942922441375176,,,,,,
