Isoform	Sample	cyclo_count	noncyclo_count	total_cyclo	total_noncyclo	Cyclo_TPM	Noncyclo_TPM	Cyclo_TPM_Rank	Noncyclo_TPM_Rank	Cyclo_TPM_Median	Noncyclo_TPM_Median	Cyclo_TPM_Mean	Noncyclo_TPM_Mean	associated_gene	gene_cyclo_count	gene_noncyclo_count	isoform_cyclo_proportion	isoform_noncyclo_proportion	Avg_Noncyclo_TPM	SD_Noncyclo_TPM	Noncyclo_TPM_Z_Score	test_statistic	z_score_of_test_stat	rank_top_99_9_percentile	rank_top_99_5_percentile	rank_top_99_percentile	rank_top_98_percentile	rank_top_95_percentile	Phenotypes
PB.161541.3	Patient15	0	13	0	2573		5052.467936261173		10.0		2971.7682020802376		4217.210237181577	novelGene_SRSF6_AS	0.0	15.0		0.8666666666666667	4217.210237181577	4007.6733361144015	0.20841461592012175	-19.329594519600725	0.24514224136052853						
PB.161541.3	Patient17	0	8	0	1227		6519.967400162999		7.0		2971.7682020802376		4217.210237181577	novelGene_SRSF6_AS	0.0	14.0		0.5714285714285714	4217.210237181577	4007.6733361144015	0.574587040872457	-15.130006671980064	0.34156078862248807						
PB.161541.3	Patient18	0	10	0	1387		7209.805335255947		6.0		2971.7682020802376		4217.210237181577	novelGene_SRSF6_AS	0.0	12.0		0.8333333333333334	4217.210237181577	4007.6733361144015	0.7467163231861133	-13.473583684954955	0.37959068675898316						
PB.161541.3	Patient19	0	21	0	1548		13565.891472868218		2.0		2971.7682020802376		4217.210237181577	novelGene_SRSF6_AS	0.0	22.0		0.9545454545454546	4217.210237181577	4007.6733361144015	2.3326954199192684	-3.062218806568337	0.6186257332950311						
PB.161541.3	Patient2	0	9	0	1085		8294.930875576038		5.0		2971.7682020802376		4217.210237181577	novelGene_SRSF6_AS	0.0	9.0		1.0	4217.210237181577	4007.6733361144015	1.0174782963593465	-11.164418358436311	0.43260692888778157						
PB.161541.3	Patient20	0	9	0	1738		5178.3659378596085		9.0		2971.7682020802376		4217.210237181577	novelGene_SRSF6_AS	0.0	13.0		0.6923076923076923	4217.210237181577	4007.6733361144015	0.2398288533191455	-18.924244811432686	0.25444868556713435						
PB.161541.3	Patient21	0	8	0	1328		6024.096385542169		8.0		2971.7682020802376		4217.210237181577	novelGene_SRSF6_AS	0.0	8.0		1.0	4217.210237181577	4007.6733361144015	0.4508566434489991	-16.432791122051906	0.3116500953284865						
PB.161541.3	Patient23	0	5	0	1159		4314.063848144952		12.0		2971.7682020802376		4217.210237181577	novelGene_SRSF6_AS	0.0	14.0		0.35714285714285715	4217.210237181577	4007.6733361144015	0.024167042281265	-21.931606743138538	0.18540251268845942						
PB.161541.3	Patient26	0	24	0	1469		16337.644656228726		1.0		2971.7682020802376		4217.210237181577	novelGene_SRSF6_AS	0.0	26.0		0.9230769230769231	4217.210237181577	4007.6733361144015	3.0243069737810497	3.062218806568338	0.7592370025151053						
PB.161541.3	Patient30	0	19	0	1808		10508.849557522124		3.0		2971.7682020802376		4217.210237181577	novelGene_SRSF6_AS	0.0	21.0		0.9047619047619048	4217.210237181577	4007.6733361144015	1.5698982408682394	-7.267925993520923	0.5220666918155445						
PB.161541.3	Patient31	0	18	0	1858		9687.83638320775		4.0		2971.7682020802376		4217.210237181577	novelGene_SRSF6_AS	0.0	18.0		1.0	4217.210237181577	4007.6733361144015	1.3650379377801691	-8.607761224873448	0.49130534778255963						
PB.161541.3	Patient5	0	7	0	1596		4385.964912280701		11.0		2971.7682020802376		4217.210237181577	novelGene_SRSF6_AS	0.0	7.0		1.0	4217.210237181577	4007.6733361144015	0.042107891773120035	-21.659393202738244	0.19165227696599477						
PB.161551.18	Patient10	0	161	0	1394		115494.97847919655		6.0		41351.1939429237		56432.168021848614	SRSF6	0.0	248.0		0.6491935483870968	56432.168021848614	44737.82319924406	1.3201985754717258	-8.430017857789373	0.4982041902527556						
PB.161551.18	Patient11	0	122	0	1367		89246.52523774689		8.0		41351.1939429237		56432.168021848614	SRSF6	0.0	299.0		0.4080267558528428	56432.168021848614	44737.82319924406	0.733481311099033	-14.124258662365774	0.3757461140640338						
PB.161551.18	Patient12	0	183	0	1791		102177.55443886097		7.0		41351.1939429237		56432.168021848614	SRSF6	0.0	223.0		0.820627802690583	56432.168021848614	44737.82319924406	1.0225215074341238	-11.135851978906064	0.44001359868320916						
PB.161551.18	Patient13	0	265	0	2218		119477.0063119928		4.0		41351.1939429237		56432.168021848614	SRSF6	0.0	387.0		0.6847545219638242	56432.168021848614	44737.82319924406	1.4092066574041415	-7.681379786416172	0.5143041026253264						
PB.161551.18	Patient15	0	204	0	2573		79284.88146132919		9.0		41351.1939429237		56432.168021848614	SRSF6	0.0	294.0		0.6938775510204082	56432.168021848614	44737.82319924406	0.5108141569093312	-16.738209196300115	0.3195315343467832						
PB.161551.18	Patient21	0	81	0	1328		60993.97590361446		12.0		41351.1939429237		56432.168021848614	SRSF6	0.0	122.0		0.6639344262295082	56432.168021848614	44737.82319924406	0.10196758705602214	-22.53065634474082	0.19496147161729463						
PB.161551.18	Patient25	0	257	0	1946		132065.77595066803		2.0		41351.1939429237		56432.168021848614	SRSF6	0.0	346.0		0.7427745664739884	56432.168021848614	44737.82319924406	1.6905965136474812	-5.468912984637868	0.5618845330067458						
PB.161551.18	Patient26	0	114	0	1469		77603.81211708646		10.0		41351.1939429237		56432.168021848614	SRSF6	0.0	201.0		0.5671641791044776	56432.168021848614	44737.82319924406	0.47323813679865373	-17.211524870026135	0.30935259586777225						
PB.161551.18	Patient3	0	131	0	2019		64883.60574541853		11.0		41351.1939429237		56432.168021848614	SRSF6	0.0	172.0		0.7616279069767442	56432.168021848614	44737.82319924406	0.18891034742416163	-21.165328087104502	0.22432367766623265						
PB.161551.18	Patient5	0	270	0	1596		169172.93233082705		1.0		41351.1939429237		56432.168021848614	SRSF6	0.0	354.0		0.7627118644067796	56432.168021848614	44737.82319924406	2.520032407631389	5.468912984637869	0.7971090645734589						
PB.161551.18	Patient7	0	202	0	1726		117033.60370799537		5.0		41351.1939429237		56432.168021848614	SRSF6	0.0	262.0		0.7709923664122137	56432.168021848614	44737.82319924406	1.3545906204745952	-8.137733934490498	0.5044899319655588						
PB.161551.18	Patient8	0	169	0	1359		124356.1442236939		3.0		41351.1939429237		56432.168021848614	SRSF6	0.0	217.0		0.7788018433179723	56432.168021848614	44737.82319924406	1.5182673483986813	-6.797383226697004	0.5333149807697238						
PB.161551.19	Patient11	0	123	0	1367		89978.05413313826		1.0		5559.416261292564		12344.236204445102	SRSF6	0.0	299.0		0.411371237458194	12344.236204445102	17848.96900807238	4.349484717777394	13.50576130934439	0.9944568954864316						
PB.161551.19	Patient13	0	94	0	2218		42380.52299368801		2.0		5559.416261292564		12344.236204445102	SRSF6	0.0	387.0		0.24289405684754523	12344.236204445102	17848.96900807238	1.68280233864817	-13.50576130934439	0.5726407796124044						
PB.161551.19	Patient15	0	51	0	2573		19821.220365332298		6.0		5559.416261292564		12344.236204445102	SRSF6	0.0	294.0		0.17346938775510204	12344.236204445102	17848.96900807238	0.41890285973972236	-27.137895393858475	0.35975926486857546						
PB.161551.19	Patient21	0	25	0	1328		18825.30120481928		8.0		5559.416261292564		12344.236204445102	SRSF6	0.0	122.0		0.20491803278688525	12344.236204445102	17848.96900807238	0.36310584647455263	-28.062635403774927	0.34531838181719265						
PB.161551.19	Patient25	0	45	0	1946		23124.357656731758		5.0		5559.416261292564		12344.236204445102	SRSF6	0.0	346.0		0.13005780346820808	12344.236204445102	17848.96900807238	0.6039632567803347	-24.37299960192253	0.40293630528257773						
PB.161551.19	Patient26	0	45	0	1469		30633.08373042886		3.0		5559.416261292564		12344.236204445102	SRSF6	0.0	201.0		0.22388059701492538	12344.236204445102	17848.96900807238	1.0246444776565211	-19.328801808407125	0.48170727835941096						
PB.161551.19	Patient31	0	53	0	1858		28525.29601722282		4.0		5559.416261292564		12344.236204445102	SRSF6	0.0	125.0		0.424	12344.236204445102	17848.96900807238	0.9065543116501388	-20.607629610788056	0.4617369055638093						
PB.161551.19	Patient5	0	29	0	1596		18170.426065162905		9.0		5559.416261292564		12344.236204445102	SRSF6	0.0	354.0		0.08192090395480225	12344.236204445102	17848.96900807238	0.3264160444271514	-28.69776318578002	0.33540012811964975						
PB.161551.19	Patient7	0	34	0	1726		19698.725376593276		7.0		5559.416261292564		12344.236204445102	SRSF6	0.0	262.0		0.1297709923664122	12344.236204445102	17848.96900807238	0.4120399989950137	-27.249097672469823	0.35802271288287857						
PB.161551.263	Patient28	0	81	0	1202		67387.68718801996		1.0		0.0		2173.7963609038698	SRSF6	0.0	165.0		0.4909090909090909	2173.7963609038698	12103.185910290156	5.388159060803246	16.04021880022073	5.5677643628300215	1.0	1.0	1.0	1.0	1.0	
PB.161551.31	Patient10	0	12	0	1394		8608.32137733142		5.0		2259.0361445783133		3554.9944215789756	SRSF6	0.0	248.0		0.04838709677419355	3554.9944215789756	4038.966642367313	1.2511435233816628	-9.60984371373628	0.3488260754157721						
PB.161551.31	Patient11	0	12	0	1367		8778.346744696415		4.0		2259.0361445783133		3554.9944215789756	SRSF6	0.0	299.0		0.04013377926421405	3554.9944215789756	4038.966642367313	1.2932397778001792	-9.295882898937727	0.35386755603081094						
PB.161551.31	Patient15	0	10	0	2573		3886.51379712398		10.0		2259.0361445783133		3554.9944215789756	SRSF6	0.0	294.0		0.034013605442176874	3554.9944215789756	4038.966642367313	0.08208024598853704	-22.374016415777362	0.14386314306500658						
PB.161551.31	Patient16	0	5	0	1271		3933.910306845004		9.0		2259.0361445783133		3554.9944215789756	SRSF6	0.0	54.0		0.09259259259259259	3554.9944215789756	4038.966642367313	0.09381505687403718	-22.17946942347619	0.14698711537037143						
PB.161551.31	Patient18	0	11	0	1387		7930.785868781542		7.0		2259.0361445783133		3554.9944215789756	SRSF6	0.0	82.0		0.13414634146341464	3554.9944215789756	4038.966642367313	1.0833938070451195	-10.92574934872284	0.32769569086679057						
PB.161551.31	Patient25	0	22	0	1946		11305.24152106886		2.0		2259.0361445783133		3554.9944215789756	SRSF6	0.0	346.0		0.06358381502890173	3554.9944215789756	4038.966642367313	1.9188688062418167	-5.234967882197901	0.4190764081270503						
PB.161551.31	Patient26	0	12	0	1469		8168.822328114363		6.0		2259.0361445783133		3554.9944215789756	SRSF6	0.0	201.0		0.05970149253731343	3554.9944215789756	4038.966642367313	1.142328797207183	-10.451048431062324	0.3353182837558495						
PB.161551.31	Patient5	0	25	0	1596		15664.160401002506		1.0		2259.0361445783133		3554.9944215789756	SRSF6	0.0	354.0		0.07062146892655367	3554.9944215789756	4038.966642367313	2.9980851667361446	5.234967882197902	0.58719923017658						
PB.161551.31	Patient6	0	7	0	1602		4369.5380774032465		8.0		2259.0361445783133		3554.9944215789756	SRSF6	0.0	77.0		0.09090909090909091	3554.9944215789756	4038.966642367313	0.20167130059456292	-20.493827151708913	0.17405461053678983						
PB.161551.31	Patient8	0	14	0	1359		10301.69242089772		3.0		2259.0361445783133		3554.9944215789756	SRSF6	0.0	217.0		0.06451612903225806	3554.9944215789756	4038.966642367313	1.6704020103925346	-6.72718496858305	0.39511487165547715						
PB.161551.38	Patient1	0	6	0	1717		3494.4670937682004		8.0		1573.5641227380015		2633.5546940838576	SRSF6	0.0	95.0		0.06315789473684211	2633.5546940838576	3097.1235201992913	0.27797160625642253	-16.911663731779708	0.297426397652222						
PB.161551.38	Patient10	0	15	0	1394		10760.401721664277		1.0		1573.5641227380015		2633.5546940838576	SRSF6	0.0	248.0		0.06048387096774194	2633.5546940838576	3097.1235201992913	2.6239983567260112	1.3303386367999988	0.667701908203386						
PB.161551.38	Patient11	0	12	0	1367		8778.346744696415		3.0		1573.5641227380015		2633.5546940838576	SRSF6	0.0	299.0		0.04013377926421405	2633.5546940838576	3097.1235201992913	1.9840319607973391	-3.0614552742152874	0.5785574327351872						
PB.161551.38	Patient13	0	10	0	2218		4508.566275924256		6.0		1573.5641227380015		2633.5546940838576	SRSF6	0.0	387.0		0.025839793281653745	2633.5546940838576	3097.1235201992913	0.6054041983187505	-13.080645714523598	0.3751882641188942						
PB.161551.38	Patient21	0	4	0	1328		3012.0481927710844		11.0		1573.5641227380015		2633.5546940838576	SRSF6	0.0	122.0		0.03278688524590164	2633.5546940838576	3097.1235201992913	0.12220807346517189	-19.145220261320237	0.2520897472335708						
PB.161551.38	Patient25	0	7	0	1946		3597.1223021582737		7.0		1573.5641227380015		2633.5546940838576	SRSF6	0.0	346.0		0.02023121387283237	2633.5546940838576	3097.1235201992913	0.3111169450588826	-16.47634977139561	0.3062623848248199						
PB.161551.38	Patient3	0	7	0	2019		3467.0629024269438		9.0		1573.5641227380015		2633.5546940838576	SRSF6	0.0	172.0		0.040697674418604654	2633.5546940838576	3097.1235201992913	0.2691233342509543	-17.03003522186703	0.2950236973871305						
PB.161551.38	Patient4	0	5	0	1450		3448.2758620689656		10.0		1573.5641227380015		2633.5546940838576	SRSF6	0.0	100.0		0.05	2633.5546940838576	3097.1235201992913	0.26305737006339447	-17.111726882267796	0.2933655229909488						
PB.161551.38	Patient5	0	14	0	1596		8771.929824561403		4.0		1573.5641227380015		2633.5546940838576	SRSF6	0.0	354.0		0.03954802259887006	2633.5546940838576	3097.1235201992913	1.981960064054067	-3.0724516742915884	0.5783342282003884						
PB.161551.38	Patient7	0	17	0	1726		9849.362688296638		2.0		1573.5641227380015		2633.5546940838576	SRSF6	0.0	262.0		0.0648854961832061	2633.5546940838576	3097.1235201992913	2.3298418507210403	-1.3303386367999992	0.6136955762235693						
PB.161551.38	Patient8	0	8	0	1359		5886.681383370125		5.0		1573.5641227380015		2633.5546940838576	SRSF6	0.0	217.0		0.03686635944700461	2633.5546940838576	3097.1235201992913	1.0503703414053496	-9.070249254007537	0.45659114780056004						
PB.161551.51	Patient10	0	14	0	1394		10043.041606886656		1.0		538.5029617662897		1500.7251854351955	SRSF6	0.0	248.0		0.056451612903225805	1500.7251854351955	2217.666964137709	3.8519383476377627	7.96258472158522	0.9218972101106103						
PB.161551.51	Patient11	0	5	0	1367		3657.6444769568398		5.0		538.5029617662897		1500.7251854351955	SRSF6	0.0	299.0		0.016722408026755852	1500.7251854351955	2217.666964137709	0.9726073961517099	-13.140762076385773	0.5103972880628362						
PB.161551.51	Patient12	0	5	0	1791		2791.736460078169		7.0		538.5029617662897		1500.7251854351955	SRSF6	0.0	223.0		0.02242152466367713	1500.7251854351955	2217.666964137709	0.5821483998815642	-16.654953755541722	0.4418731048668018						
PB.161551.51	Patient15	0	10	0	2573		3886.51379712398		4.0		538.5029617662897		1500.7251854351955	SRSF6	0.0	294.0		0.034013605442176874	1500.7251854351955	2217.666964137709	1.0758101420410735	-12.351224670809529	0.5257926935385052						
PB.161551.51	Patient16	0	2	0	1271		1573.5641227380015		11.0		538.5029617662897		1500.7251854351955	SRSF6	0.0	54.0		0.037037037037037035	1500.7251854351955	2217.666964137709	0.03284484933071447	-24.11145976416181	0.29647665800601586						
PB.161551.51	Patient20	0	3	0	1738		1726.121979286536		10.0		538.5029617662897		1500.7251854351955	SRSF6	0.0	81.0		0.037037037037037035	1500.7251854351955	2217.666964137709	0.10163689927129396	-22.908126342266616	0.3199407850019748						
PB.161551.51	Patient25	0	7	0	1946		3597.1223021582737		6.0		538.5029617662897		1500.7251854351955	SRSF6	0.0	346.0		0.02023121387283237	1500.7251854351955	2217.666964137709	0.9453164747567119	-13.357811807952976	0.5061649760757639						
PB.161551.51	Patient26	0	8	0	1469		5445.881552076242		2.0		538.5029617662897		1500.7251854351955	SRSF6	0.0	201.0		0.03980099502487562	1500.7251854351955	2217.666964137709	1.778967009221348	-7.962584721585221	0.6113679823441266						
PB.161551.51	Patient4	0	3	0	1450		2068.9655172413795		8.0		538.5029617662897		1500.7251854351955	SRSF6	0.0	100.0		0.03	1500.7251854351955	2217.666964137709	0.2562333934694887	-20.551951186834273	0.365884487774491						
PB.161551.51	Patient7	0	3	0	1726		1738.1228273464658		9.0		538.5029617662897		1500.7251854351955	SRSF6	0.0	262.0		0.011450381679389313	1500.7251854351955	2217.666964137709	0.10704837369644325	-22.818024791832613	0.3216976997385293						
PB.161551.51	Patient8	0	6	0	1359		4415.0110375275935		3.0		538.5029617662897		1500.7251854351955	SRSF6	0.0	217.0		0.027649769585253458	1500.7251854351955	2217.666964137709	1.3141224084679253	-10.692609892961876	0.558134476020951						
PB.161551.53	Patient10	0	29	0	1394		20803.44332855093		1.0		0.0		1425.0313944161403	SRSF6	0.0	248.0		0.11693548387096774	1425.0313944161403	4752.663922463373	4.077378971095159	0.326236919456029	3.2272658343477953	1.0	1.0	1.0	1.0	1.0	
PB.161551.53	Patient30	0	30	0	1808		16592.920353982303		2.0		0.0		1425.0313944161403	SRSF6	0.0	127.0		0.23622047244094488	1425.0313944161403	4752.663922463373	3.1914499335573536	-0.32623691945602906	3.083735785167489	1.0	1.0	1.0	1.0	1.0	
PB.161551.53	Patient5	0	9	0	1596		5639.097744360902		3.0		0.0		1425.0313944161403	SRSF6	0.0	354.0		0.025423728813559324	1425.0313944161403	4752.663922463373	0.8866745931743796	-1.883099615991674	2.7412598634150718	1.0	1.0	1.0	1.0	1.0	
PB.161551.604	Patient11	0	2	0	1367		1463.057790782736		9.0		602.0469596628537		1023.0107634617355	SRSF6	0.0	299.0		0.006688963210702341	1023.0107634617355	1386.4623156152315	0.3173883793053064	-15.809152590958629	1.0685993139028331						
PB.161551.604	Patient15	0	6	0	2573		2331.908278274388		5.0		602.0469596628537		1023.0107634617355	SRSF6	0.0	294.0		0.02040816326530612	1023.0107634617355	1386.4623156152315	0.9440556011303054	-10.268369657697326	1.1756957689463767	1.0	1.0	1.0	1.0	1.0	
PB.161551.604	Patient16	0	2	0	1271		1573.5641227380015		8.0		602.0469596628537		1023.0107634617355	SRSF6	0.0	54.0		0.037037037037037035	1023.0107634617355	1386.4623156152315	0.39709219145416325	-14.943772377075545	1.0853260390404214						
PB.161551.604	Patient18	0	2	0	1387		1441.9610670511895		10.0		602.0469596628537		1023.0107634617355	SRSF6	0.0	82.0		0.024390243902439025	1023.0107634617355	1386.4623156152315	0.30217215345196613	-15.981768047705428	1.0652628714314398	1.0	1.0	1.0	1.0	1.0	
PB.161551.604	Patient20	0	7	0	1738		4027.6179516685847		2.0		602.0469596628537		1023.0107634617355	SRSF6	0.0	81.0		0.08641975308641975	1023.0107634617355	1386.4623156152315	2.1671033928344303	-3.7713793838424703	1.3012745247220856						
PB.161551.604	Patient21	0	3	0	1328		2259.0361445783133		6.0		602.0469596628537		1023.0107634617355	SRSF6	0.0	122.0		0.02459016393442623	1023.0107634617355	1386.4623156152315	0.8914958359817385	-10.645778118823202	1.1684009319572963						
PB.161551.604	Patient25	0	2	0	1946		1027.749229188078		13.0		602.0469596628537		1023.0107634617355	SRSF6	0.0	346.0		0.005780346820809248	1023.0107634617355	1386.4623156152315	0.003417666439956541	-20.00565401464859	0.9874861514715007						
PB.161551.604	Patient26	0	4	0	1469		2722.940776038121		4.0		602.0469596628537		1023.0107634617355	SRSF6	0.0	201.0		0.01990049751243781	1023.0107634617355	1386.4623156152315	1.226091754121752	-8.42545329222094	1.2113170542523652						
PB.161551.604	Patient28	0	2	0	1202		1663.8935108153078		7.0		602.0469596628537		1023.0107634617355	SRSF6	0.0	165.0		0.012121212121212121	1023.0107634617355	1386.4623156152315	0.4622431782930831	-14.280374235808157	1.0981487014814484						
PB.161551.604	Patient29	0	6	0	1857		3231.0177705977385		3.0		602.0469596628537		1023.0107634617355	SRSF6	0.0	35.0		0.17142857142857143	1023.0107634617355	1386.4623156152315	1.5925474369321158	-6.391506659081595	1.250630717462189						
PB.161551.604	Patient30	0	10	0	1808		5530.973451327433		1.0		602.0469596628537		1023.0107634617355	SRSF6	0.0	127.0		0.07874015748031496	1023.0107634617355	1386.4623156152315	3.2514137867968853	3.7713793838424694	1.4470666871290312						
PB.161551.604	Patient31	0	2	0	1858		1076.426264800861		12.0		602.0469596628537		1023.0107634617355	SRSF6	0.0	125.0		0.016	1023.0107634617355	1386.4623156152315	0.03852647182510894	-19.455845070047168	0.9981132757655372						
PB.161551.604	Patient4	0	2	0	1450		1379.310344827586		11.0		602.0469596628537		1023.0107634617355	SRSF6	0.0	100.0		0.02	1023.0107634617355	1386.4623156152315	0.2569846849445349	-16.50966559489495	1.0550592672456856						
PB.161551.620	Patient10	0	10	0	1394		7173.601147776184		2.0		580.7200929152149		1807.8682643669024	SRSF6	0.0	248.0		0.04032258064516129	1807.8682643669024	2542.124490874083	2.110727819456367	-4.700347357922335	0.6596593884732148						
PB.161551.620	Patient11	0	14	0	1367		10241.40453547915		1.0		580.7200929152149		1807.8682643669024	SRSF6	0.0	299.0		0.046822742474916385	1807.8682643669024	2542.124490874083	3.317515055374989	4.700347357922334	0.8431890557119877						
PB.161551.620	Patient12	0	8	0	1791		4466.7783361250695		4.0		580.7200929152149		1807.8682643669024	SRSF6	0.0	223.0		0.03587443946188341	1807.8682643669024	2542.124490874083	1.0459401501788483	-10.954320864246233	0.5375631273744311						
PB.161551.620	Patient13	0	7	0	2218		3155.9963931469792		8.0		580.7200929152149		1807.8682643669024	SRSF6	0.0	387.0		0.01808785529715762	1807.8682643669024	2542.124490874083	0.5303155426178743	-15.53954534578568	0.4480458364987219						
PB.161551.620	Patient18	0	3	0	1387		2162.9416005767844		10.0		580.7200929152149		1807.8682643669024	SRSF6	0.0	82.0		0.036585365853658534	1807.8682643669024	2542.124490874083	0.13967582527313352	-20.52641729921703	0.35068718611802085						
PB.161551.620	Patient20	0	7	0	1738		4027.6179516685847		5.0		580.7200929152149		1807.8682643669024	SRSF6	0.0	81.0		0.08641975308641975	1807.8682643669024	2542.124490874083	0.8731868542513607	-12.320471794754752	0.5108917766654703						
PB.161551.620	Patient24	0	5	0	1661		3010.2347983142686		9.0		580.7200929152149		1807.8682643669024	SRSF6	0.0	41.0		0.12195121951219512	1807.8682643669024	2542.124490874083	0.472977046664597	-16.16369165593887	0.43586063443938344						
PB.161551.620	Patient26	0	5	0	1469		3403.6759700476514		7.0		580.7200929152149		1807.8682643669024	SRSF6	0.0	201.0		0.024875621890547265	1807.8682643669024	2542.124490874083	0.6277456951496687	-14.54229287260419	0.4675151863806574						
PB.161551.620	Patient28	0	8	0	1202		6655.574043261231		3.0		580.7200929152149		1807.8682643669024	SRSF6	0.0	165.0		0.048484848484848485	1807.8682643669024	2542.124490874083	1.9069505825922377	-5.689856192640439	0.64034121756617						
PB.161551.620	Patient8	0	5	0	1359		3679.175864606328		6.0		580.7200929152149		1807.8682643669024	SRSF6	0.0	217.0		0.02304147465437788	1807.8682643669024	2542.124490874083	0.7361195751652572	-13.514908899059842	0.4875727932374397						
PB.59138.479	Patient1	0	620	0	1717		361094.93302271405		10.0		342731.82957393484		326621.0361678374	HARS1	0.0	643.0		0.9642301710730948	326621.0361678374	90356.74934833545	0.38153095483742894	-8.059300297435913	0.1541797848280823						Charcot-Marie-Tooth disease, axonal, type 2W, 616625 (3), Autosomal dominant; Usher syndrome type 3B, 614504 (3), Autosomal recessive
PB.59138.479	Patient15	0	945	0	2573		367275.5538282161		9.0		342731.82957393484		326621.0361678374	HARS1	0.0	988.0		0.9564777327935222	326621.0361678374	90356.74934833545	0.4499333802243258	-7.609364415222186	0.1980645072816139						Charcot-Marie-Tooth disease, axonal, type 2W, 616625 (3), Autosomal dominant; Usher syndrome type 3B, 614504 (3), Autosomal recessive
PB.59138.479	Patient16	0	622	0	1271		489378.4421715185		1.0		342731.82957393484		326621.0361678374	HARS1	0.0	647.0		0.9613601236476044	326621.0361678374	90356.74934833545	1.8012755790520196	2.0630975074955007	1.141472943240021						Charcot-Marie-Tooth disease, axonal, type 2W, 616625 (3), Autosomal dominant; Usher syndrome type 3B, 614504 (3), Autosomal recessive
PB.59138.479	Patient17	0	523	0	1227		426242.8687856561		4.0		342731.82957393484		326621.0361678374	HARS1	0.0	543.0		0.9631675874769797	326621.0361678374	90356.74934833545	1.1025389175275147	-3.6619182832799853	0.5830806501334125	1.0	1.0	1.0	1.0	1.0	Charcot-Marie-Tooth disease, axonal, type 2W, 616625 (3), Autosomal dominant; Usher syndrome type 3B, 614504 (3), Autosomal recessive
PB.59138.479	Patient18	0	556	0	1387		400865.1766402307		6.0		342731.82957393484		326621.0361678374	HARS1	0.0	594.0		0.936026936026936	326621.0361678374	90356.74934833545	0.8216778603463675	-5.289290158358977	0.4243541162211857						Charcot-Marie-Tooth disease, axonal, type 2W, 616625 (3), Autosomal dominant; Usher syndrome type 3B, 614504 (3), Autosomal recessive
PB.59138.479	Patient19	0	557	0	1548		359819.1214470284		11.0		342731.82957393484		326621.0361678374	HARS1	0.0	582.0		0.9570446735395189	326621.0361678374	90356.74934833545	0.36741123954347527	-8.15313509750432	0.1450275604328548						Charcot-Marie-Tooth disease, axonal, type 2W, 616625 (3), Autosomal dominant; Usher syndrome type 3B, 614504 (3), Autosomal recessive
PB.59138.479	Patient20	0	738	0	1738		424626.0069044879		5.0		342731.82957393484		326621.0361678374	HARS1	0.0	781.0		0.9449423815620999	326621.0361678374	90356.74934833545	1.0846447160115325	-3.7626744009734523	0.5732533515442931						Charcot-Marie-Tooth disease, axonal, type 2W, 616625 (3), Autosomal dominant; Usher syndrome type 3B, 614504 (3), Autosomal recessive
PB.59138.479	Patient22	0	724	0	2106		343779.67711301043		15.0		342731.82957393484		326621.0361678374	HARS1	0.0	738.0		0.981029810298103	326621.0361678374	90356.74934833545	0.1898988295719288	-9.362061548803911	0.027114311280580672						Charcot-Marie-Tooth disease, axonal, type 2W, 616625 (3), Autosomal dominant; Usher syndrome type 3B, 614504 (3), Autosomal recessive
PB.59138.479	Patient23	0	523	0	1159		451251.078515962		3.0		342731.82957393484		326621.0361678374	HARS1	0.0	545.0		0.9596330275229358	326621.0361678374	90356.74934833545	1.3793108234522886	-2.150388375727882	0.7305084795093925						Charcot-Marie-Tooth disease, axonal, type 2W, 616625 (3), Autosomal dominant; Usher syndrome type 3B, 614504 (3), Autosomal recessive
PB.59138.479	Patient24	0	752	0	1661		452739.313666466		2.0		342731.82957393484		326621.0361678374	HARS1	0.0	805.0		0.9341614906832298	326621.0361678374	90356.74934833545	1.3957814818285286	-2.063097507495499	0.7390224382233727						Charcot-Marie-Tooth disease, axonal, type 2W, 616625 (3), Autosomal dominant; Usher syndrome type 3B, 614504 (3), Autosomal recessive
PB.59138.479	Patient25	0	699	0	1946		359198.3556012333		12.0		342731.82957393484		326621.0361678374	HARS1	0.0	738.0		0.9471544715447154	326621.0361678374	90356.74934833545	0.3605410737808494	-8.198912263841391	0.1405626615020839						Charcot-Marie-Tooth disease, axonal, type 2W, 616625 (3), Autosomal dominant; Usher syndrome type 3B, 614504 (3), Autosomal recessive
PB.59138.479	Patient26	0	523	0	1469		356024.50646698434		13.0		342731.82957393484		326621.0361678374	HARS1	0.0	547.0		0.9561243144424132	326621.0361678374	90356.74934833545	0.3254153177400535	-8.434204808034929	0.11761328492310323						Charcot-Marie-Tooth disease, axonal, type 2W, 616625 (3), Autosomal dominant; Usher syndrome type 3B, 614504 (3), Autosomal recessive
PB.59138.479	Patient27	0	505	0	1439		350938.1514940931		14.0		342731.82957393484		326621.0361678374	HARS1	0.0	534.0		0.9456928838951311	326621.0361678374	90356.74934833545	0.2691233969972793	-8.815690360126121	0.08040489982790916						Charcot-Marie-Tooth disease, axonal, type 2W, 616625 (3), Autosomal dominant; Usher syndrome type 3B, 614504 (3), Autosomal recessive
PB.59138.479	Patient3	0	808	0	2019		400198.1178801387		7.0		342731.82957393484		326621.0361678374	HARS1	0.0	838.0		0.964200477326969	326621.0361678374	90356.74934833545	0.8142953597041585	-5.333442924199404	0.42004765400943767						Charcot-Marie-Tooth disease, axonal, type 2W, 616625 (3), Autosomal dominant; Usher syndrome type 3B, 614504 (3), Autosomal recessive
PB.59138.479	Patient5	0	547	0	1596		342731.82957393484		16.0		342731.82957393484		326621.0361678374	HARS1	0.0	559.0		0.9785330948121646	326621.0361678374	90356.74934833545	0.1783020474097461	-9.444132477447353	0.01510706735740034						Charcot-Marie-Tooth disease, axonal, type 2W, 616625 (3), Autosomal dominant; Usher syndrome type 3B, 614504 (3), Autosomal recessive
PB.59138.479	Patient6	0	637	0	1602		397627.9650436954		8.0		342731.82957393484		326621.0361678374	HARS1	0.0	657.0		0.969558599695586	326621.0361678374	90356.74934833545	0.7858508566097073	-5.504252719244368	0.40338763478400463						Charcot-Marie-Tooth disease, axonal, type 2W, 616625 (3), Autosomal dominant; Usher syndrome type 3B, 614504 (3), Autosomal recessive
PB.59138.479	Patient7	0	583	0	1726		337775.20278099657		17.0		342731.82957393484		326621.0361678374	HARS1	0.0	605.0		0.9636363636363636	326621.0361678374	90356.74934833545	0.12344585981240437	-9.835979168547148	-0.04222137863798101						Charcot-Marie-Tooth disease, axonal, type 2W, 616625 (3), Autosomal dominant; Usher syndrome type 3B, 614504 (3), Autosomal recessive
PB.59138.482	Patient16	0	3	0	1271		2360.3461841070025		6.0		0.0		797.0790902521202	HARS1	0.0	647.0		0.00463678516228748	797.0790902521202	1303.724815679256	1.1990775009068164	-1.0689688722092783	2.090825856961327	1.0	1.0	1.0	1.0	1.0	Charcot-Marie-Tooth disease, axonal, type 2W, 616625 (3), Autosomal dominant; Usher syndrome type 3B, 614504 (3), Autosomal recessive
PB.59138.482	Patient20	0	4	0	1738		2301.4959723820484		7.0		0.0		797.0790902521202	HARS1	0.0	781.0		0.005121638924455826	797.0790902521202	1303.724815679256	1.1539374444952244	-1.1053798022469505	2.0840319044206543	1.0	1.0	1.0	1.0	1.0	Charcot-Marie-Tooth disease, axonal, type 2W, 616625 (3), Autosomal dominant; Usher syndrome type 3B, 614504 (3), Autosomal recessive
PB.59138.482	Patient21	0	4	0	1328		3012.0481927710844		3.0		0.0		797.0790902521202	HARS1	0.0	461.0		0.008676789587852495	797.0790902521202	1303.724815679256	1.6989544694406535	-0.7173546863694377	2.15643390621334	1.0	1.0	1.0	1.0	1.0	Charcot-Marie-Tooth disease, axonal, type 2W, 616625 (3), Autosomal dominant; Usher syndrome type 3B, 614504 (3), Autosomal recessive
PB.59138.482	Patient24	0	4	0	1661		2408.187838651415		5.0		0.0		797.0790902521202	HARS1	0.0	805.0		0.004968944099378882	797.0790902521202	1303.724815679256	1.2357736303116145	-1.0400315534798983	2.0962253007519234	1.0	1.0	1.0	1.0	1.0	Charcot-Marie-Tooth disease, axonal, type 2W, 616625 (3), Autosomal dominant; Usher syndrome type 3B, 614504 (3), Autosomal recessive
PB.59138.482	Patient25	0	6	0	1946		3083.247687564234		2.0		0.0		797.0790902521202	HARS1	0.0	738.0		0.008130081300813009	797.0790902521202	1303.724815679256	1.753566833903513	-0.6836598061158989	2.1627210682569724	1.0	1.0	1.0	1.0	1.0	Charcot-Marie-Tooth disease, axonal, type 2W, 616625 (3), Autosomal dominant; Usher syndrome type 3B, 614504 (3), Autosomal recessive
PB.59138.482	Patient28	0	1	0	1202		831.9467554076539		9.0		0.0		797.0790902521202	HARS1	0.0	246.0		0.0040650406504065045	797.0790902521202	1303.724815679256	0.026744650969435783	-2.5722822529272906	1.8103210812857424						Charcot-Marie-Tooth disease, axonal, type 2W, 616625 (3), Autosomal dominant; Usher syndrome type 3B, 614504 (3), Autosomal recessive
PB.59138.482	Patient3	0	10	0	2019		4952.947003467063		1.0		0.0		797.0790902521202	HARS1	0.0	838.0		0.011933174224343675	797.0790902521202	1303.724815679256	3.1876879715982755	0.6836598061158988	2.417850628084825	1.0	1.0	1.0	1.0	1.0	Charcot-Marie-Tooth disease, axonal, type 2W, 616625 (3), Autosomal dominant; Usher syndrome type 3B, 614504 (3), Autosomal recessive
PB.59138.482	Patient4	0	4	0	1450		2758.620689655172		4.0		0.0		797.0790902521202	HARS1	0.0	453.0		0.008830022075055188	797.0790902521202	1303.724815679256	1.5045672029960293	-0.844108453000519	2.1327827917278794	1.0	1.0	1.0	1.0	1.0	Charcot-Marie-Tooth disease, axonal, type 2W, 616625 (3), Autosomal dominant; Usher syndrome type 3B, 614504 (3), Autosomal recessive
PB.59138.482	Patient6	0	2	0	1602		1248.4394506866417		8.0		0.0		797.0790902521202	HARS1	0.0	657.0		0.0030441400304414	797.0790902521202	1303.724815679256	0.34620830638968664	-1.9872974465351252	1.9194739924454147	1.0	1.0	1.0	1.0	1.0	Charcot-Marie-Tooth disease, axonal, type 2W, 616625 (3), Autosomal dominant; Usher syndrome type 3B, 614504 (3), Autosomal recessive
PB.59138.483	Patient15	0	28	0	2573		10882.238631947142		7.0		6866.4169787765295		7679.858053412392	HARS1	0.0	988.0		0.02834008097165992	7679.858053412392	3983.4438377890306	0.8039226129298709	-7.366982082116187	0.733635430449273						Charcot-Marie-Tooth disease, axonal, type 2W, 616625 (3), Autosomal dominant; Usher syndrome type 3B, 614504 (3), Autosomal recessive
PB.59138.483	Patient16	0	13	0	1271		10228.166797797012		9.0		6866.4169787765295		7679.858053412392	HARS1	0.0	647.0		0.02009273570324575	7679.858053412392	3983.4438377890306	0.6397250339542963	-8.50494005615827	0.639667741579796						Charcot-Marie-Tooth disease, axonal, type 2W, 616625 (3), Autosomal dominant; Usher syndrome type 3B, 614504 (3), Autosomal recessive
PB.59138.483	Patient17	0	11	0	1227		8964.955175224124		13.0		6866.4169787765295		7679.858053412392	HARS1	0.0	543.0		0.020257826887661142	7679.858053412392	3983.4438377890306	0.32260957456475947	-10.924926085466447	0.4398356744404672						Charcot-Marie-Tooth disease, axonal, type 2W, 616625 (3), Autosomal dominant; Usher syndrome type 3B, 614504 (3), Autosomal recessive
PB.59138.483	Patient18	0	17	0	1387		12256.669069935111		5.0		6866.4169787765295		7679.858053412392	HARS1	0.0	594.0		0.02861952861952862	7679.858053412392	3983.4438377890306	1.1489583392904144	-5.18348142574479	0.9139395497616957						Charcot-Marie-Tooth disease, axonal, type 2W, 616625 (3), Autosomal dominant; Usher syndrome type 3B, 614504 (3), Autosomal recessive
PB.59138.483	Patient19	0	18	0	1548		11627.906976744185		6.0		6866.4169787765295		7679.858053412392	HARS1	0.0	582.0		0.030927835051546393	7679.858053412392	3983.4438377890306	0.991114493915676	-6.150271710073245	0.8341061545818049						Charcot-Marie-Tooth disease, axonal, type 2W, 616625 (3), Autosomal dominant; Usher syndrome type 3B, 614504 (3), Autosomal recessive
PB.59138.483	Patient20	0	25	0	1738		14384.349827387801		3.0		6866.4169787765295		7679.858053412392	HARS1	0.0	781.0		0.03201024327784891	7679.858053412392	3983.4438377890306	1.6830893184367495	-2.244828377173912	1.1566009148230005						Charcot-Marie-Tooth disease, axonal, type 2W, 616625 (3), Autosomal dominant; Usher syndrome type 3B, 614504 (3), Autosomal recessive
PB.59138.483	Patient21	0	17	0	1328		12801.204819277107		4.0		6866.4169787765295		7679.858053412392	HARS1	0.0	461.0		0.0368763557483731	7679.858053412392	3983.4438377890306	1.2856580824062191	-4.385458488518715	0.9798368612499255						Charcot-Marie-Tooth disease, axonal, type 2W, 616625 (3), Autosomal dominant; Usher syndrome type 3B, 614504 (3), Autosomal recessive
PB.59138.483	Patient23	0	11	0	1159		9490.940465918895		10.0		6866.4169787765295		7679.858053412392	HARS1	0.0	545.0		0.02018348623853211	7679.858053412392	3983.4438377890306	0.45465242796336885	-9.878259156812256	0.5262649403231026						Charcot-Marie-Tooth disease, axonal, type 2W, 616625 (3), Autosomal dominant; Usher syndrome type 3B, 614504 (3), Autosomal recessive
PB.59138.483	Patient24	0	27	0	1661		16255.26791089705		1.0		6866.4169787765295		7679.858053412392	HARS1	0.0	805.0		0.03354037267080745	7679.858053412392	3983.4438377890306	2.1527628370541683	1.9798548383291248	1.5054571353707467						Charcot-Marie-Tooth disease, axonal, type 2W, 616625 (3), Autosomal dominant; Usher syndrome type 3B, 614504 (3), Autosomal recessive
PB.59138.483	Patient26	0	12	0	1469		8168.822328114363		15.0		6866.4169787765295		7679.858053412392	HARS1	0.0	547.0		0.021937842778793418	7679.858053412392	3983.4438377890306	0.12274913231194576	-12.63216379628009	0.29885930651174974						Charcot-Marie-Tooth disease, axonal, type 2W, 616625 (3), Autosomal dominant; Usher syndrome type 3B, 614504 (3), Autosomal recessive
PB.59138.483	Patient27	0	21	0	1439		14593.467685892982		2.0		6866.4169787765295		7679.858053412392	HARS1	0.0	534.0		0.03932584269662921	7679.858053412392	3983.4438377890306	1.735586069243521	-1.9798548383291237	1.1784812932067197	1.0	1.0	1.0	1.0	1.0	Charcot-Marie-Tooth disease, axonal, type 2W, 616625 (3), Autosomal dominant; Usher syndrome type 3B, 614504 (3), Autosomal recessive
PB.59138.483	Patient29	0	16	0	1857		8616.047388260635		14.0		6866.4169787765295		7679.858053412392	HARS1	0.0	544.0		0.029411764705882353	7679.858053412392	3983.4438377890306	0.23502009140107893	-11.653668633840196	0.3796592403246306						Charcot-Marie-Tooth disease, axonal, type 2W, 616625 (3), Autosomal dominant; Usher syndrome type 3B, 614504 (3), Autosomal recessive
PB.59138.483	Patient30	0	17	0	1808		9402.654867256639		11.0		6866.4169787765295		7679.858053412392	HARS1	0.0	512.0		0.033203125	7679.858053412392	3983.4438377890306	0.4324892941883341	-10.049825438275448	0.512097732636371						Charcot-Marie-Tooth disease, axonal, type 2W, 616625 (3), Autosomal dominant; Usher syndrome type 3B, 614504 (3), Autosomal recessive
PB.59138.483	Patient31	0	17	0	1858		9149.62325080732		12.0		6866.4169787765295		7679.858053412392	HARS1	0.0	537.0		0.03165735567970205	7679.858053412392	3983.4438377890306	0.3689684748287318	-10.550617163709912	0.47074449981277117						Charcot-Marie-Tooth disease, axonal, type 2W, 616625 (3), Autosomal dominant; Usher syndrome type 3B, 614504 (3), Autosomal recessive
PB.59138.483	Patient9	0	18	0	1722		10452.961672473868		8.0		6866.4169787765295		7679.858053412392	HARS1	0.0	592.0		0.030405405405405407	7679.858053412392	3983.4438377890306	0.6961573281777856	-8.105835424227003	0.672624090351159						Charcot-Marie-Tooth disease, axonal, type 2W, 616625 (3), Autosomal dominant; Usher syndrome type 3B, 614504 (3), Autosomal recessive
PB.59138.484	Patient1	0	4	0	1717		2329.6447291788004		8.0		645.9948320413437		1392.177547937169	HARS1	0.0	643.0		0.006220839813374806	1392.177547937169	1944.293188903232	0.48216348572946083	-15.678110008318532	0.3532886076722882						Charcot-Marie-Tooth disease, axonal, type 2W, 616625 (3), Autosomal dominant; Usher syndrome type 3B, 614504 (3), Autosomal recessive
PB.59138.484	Patient12	0	3	0	1791		1675.0418760469013		12.0		645.9948320413437		1392.177547937169	HARS1	0.0	520.0		0.0057692307692307696	1392.177547937169	1944.293188903232	0.1454844000504342	-20.085334602824265	0.26838035840885954						Charcot-Marie-Tooth disease, axonal, type 2W, 616625 (3), Autosomal dominant; Usher syndrome type 3B, 614504 (3), Autosomal recessive
PB.59138.484	Patient17	0	3	0	1227		2444.9877750611245		7.0		645.9948320413437		1392.177547937169	HARS1	0.0	543.0		0.0055248618784530384	1392.177547937169	1944.293188903232	0.5414873811895836	-15.032430290309648	0.36572807683603004						Charcot-Marie-Tooth disease, axonal, type 2W, 616625 (3), Autosomal dominant; Usher syndrome type 3B, 614504 (3), Autosomal recessive
PB.59138.484	Patient18	0	10	0	1387		7209.805335255947		2.0		645.9948320413437		1392.177547937169	HARS1	0.0	594.0		0.016835016835016835	1392.177547937169	1944.293188903232	2.992155617538566	-0.5809713807096925	0.6441454910168753						Charcot-Marie-Tooth disease, axonal, type 2W, 616625 (3), Autosomal dominant; Usher syndrome type 3B, 614504 (3), Autosomal recessive
PB.59138.484	Patient20	0	3	0	1738		1726.121979286536		11.0		645.9948320413437		1392.177547937169	HARS1	0.0	781.0		0.0038412291933418692	1392.177547937169	1944.293188903232	0.17175621107727265	-19.68403877093532	0.27611160191409845						Charcot-Marie-Tooth disease, axonal, type 2W, 616625 (3), Autosomal dominant; Usher syndrome type 3B, 614504 (3), Autosomal recessive
PB.59138.484	Patient21	0	10	0	1328		7530.120481927711		1.0		645.9948320413437		1392.177547937169	HARS1	0.0	461.0		0.021691973969631236	1392.177547937169	1944.293188903232	3.156901936920805	0.5809713807096916	0.6665311270335708						Charcot-Marie-Tooth disease, axonal, type 2W, 616625 (3), Autosomal dominant; Usher syndrome type 3B, 614504 (3), Autosomal recessive
PB.59138.484	Patient23	0	3	0	1159		2588.4383088869713		6.0		645.9948320413437		1392.177547937169	HARS1	0.0	545.0		0.005504587155963303	1392.177547937169	1944.293188903232	0.615267680706431	-14.27062041378993	0.38040487433065207						Charcot-Marie-Tooth disease, axonal, type 2W, 616625 (3), Autosomal dominant; Usher syndrome type 3B, 614504 (3), Autosomal recessive
PB.59138.484	Patient24	0	5	0	1661		3010.2347983142686		4.0		645.9948320413437		1392.177547937169	HARS1	0.0	805.0		0.006211180124223602	1392.177547937169	1944.293188903232	0.8322084650668551	-12.253420354629762	0.4192676374516641						Charcot-Marie-Tooth disease, axonal, type 2W, 616625 (3), Autosomal dominant; Usher syndrome type 3B, 614504 (3), Autosomal recessive
PB.59138.484	Patient25	0	7	0	1946		3597.1223021582737		3.0		645.9948320413437		1392.177547937169	HARS1	0.0	738.0		0.009485094850948509	1392.177547937169	1944.293188903232	1.1340598047689017	-9.873271420841334	0.46512286325661456						Charcot-Marie-Tooth disease, axonal, type 2W, 616625 (3), Autosomal dominant; Usher syndrome type 3B, 614504 (3), Autosomal recessive
PB.59138.484	Patient27	0	3	0	1439		2084.7810979847113		9.0		645.9948320413437		1392.177547937169	HARS1	0.0	534.0		0.0056179775280898875	1392.177547937169	1944.293188903232	0.3562238215925846	-17.161864593544045	0.3247030428873349						Charcot-Marie-Tooth disease, axonal, type 2W, 616625 (3), Autosomal dominant; Usher syndrome type 3B, 614504 (3), Autosomal recessive
PB.59138.484	Patient29	0	5	0	1857		2692.5148088314486		5.0		645.9948320413437		1392.177547937169	HARS1	0.0	544.0		0.009191176470588236	1392.177547937169	1944.293188903232	0.6687969017819759	-13.743881697139544	0.3905528623196929						Charcot-Marie-Tooth disease, axonal, type 2W, 616625 (3), Autosomal dominant; Usher syndrome type 3B, 614504 (3), Autosomal recessive
PB.59138.484	Patient4	0	3	0	1450		2068.9655172413795		10.0		645.9948320413437		1392.177547937169	HARS1	0.0	453.0		0.006622516556291391	1392.177547937169	1944.293188903232	0.34808946159297294	-17.263606836158257	0.3227429077702644						Charcot-Marie-Tooth disease, axonal, type 2W, 616625 (3), Autosomal dominant; Usher syndrome type 3B, 614504 (3), Autosomal recessive
PB.59138.487	Patient12	0	14	0	1791		7816.8620882188725		3.0		4369.5380774032465		4418.789350323991	HARS1	0.0	520.0		0.026923076923076925	4418.789350323991	2292.5320576869085	1.4822356470440932	-2.5080194348663807	0.3849549414655754						Charcot-Marie-Tooth disease, axonal, type 2W, 616625 (3), Autosomal dominant; Usher syndrome type 3B, 614504 (3), Autosomal recessive
PB.59138.487	Patient13	0	10	0	2218		4508.566275924256		15.0		4369.5380774032465		4418.789350323991	HARS1	0.0	548.0		0.01824817518248175	4418.789350323991	2292.5320576869085	0.03916059768902287	-12.069011763239514	0.042924853119797546						Charcot-Marie-Tooth disease, axonal, type 2W, 616625 (3), Autosomal dominant; Usher syndrome type 3B, 614504 (3), Autosomal recessive
PB.59138.487	Patient15	0	13	0	2573		5052.467936261173		12.0		4369.5380774032465		4418.789350323991	HARS1	0.0	988.0		0.013157894736842105	4418.789350323991	2292.5320576869085	0.27640991270435866	-10.090229587344572	0.11371280265406519						Charcot-Marie-Tooth disease, axonal, type 2W, 616625 (3), Autosomal dominant; Usher syndrome type 3B, 614504 (3), Autosomal recessive
PB.59138.487	Patient16	0	9	0	1271		7081.038552321007		5.0		4369.5380774032465		4418.789350323991	HARS1	0.0	647.0		0.013910355486862442	4418.789350323991	2292.5320576869085	1.161270217823318	-4.225722544895996	0.32350670196309533						Charcot-Marie-Tooth disease, axonal, type 2W, 616625 (3), Autosomal dominant; Usher syndrome type 3B, 614504 (3), Autosomal recessive
PB.59138.487	Patient17	0	6	0	1227		4889.975550122249		13.0		4369.5380774032465		4418.789350323991	HARS1	0.0	543.0		0.011049723756906077	4418.789350323991	2292.5320576869085	0.2055309099030308	-10.658160565096685	0.09339592802187816						Charcot-Marie-Tooth disease, axonal, type 2W, 616625 (3), Autosomal dominant; Usher syndrome type 3B, 614504 (3), Autosomal recessive
PB.59138.487	Patient18	0	10	0	1387		7209.805335255947		4.0		4369.5380774032465		4418.789350323991	HARS1	0.0	594.0		0.016835016835016835	4418.789350323991	2292.5320576869085	1.2174381490429416	-3.912609389153461	0.33470785312426016						Charcot-Marie-Tooth disease, axonal, type 2W, 616625 (3), Autosomal dominant; Usher syndrome type 3B, 614504 (3), Autosomal recessive
PB.59138.487	Patient20	0	8	0	1738		4602.991944764097		14.0		4369.5380774032465		4418.789350323991	HARS1	0.0	781.0		0.010243277848911651	4418.789350323991	2292.5320576869085	0.08034897214303743	-11.708912686156728	0.055806854790519084						Charcot-Marie-Tooth disease, axonal, type 2W, 616625 (3), Autosomal dominant; Usher syndrome type 3B, 614504 (3), Autosomal recessive
PB.59138.487	Patient23	0	8	0	1159		6902.502157031924		6.0		4369.5380774032465		4418.789350323991	HARS1	0.0	545.0		0.014678899082568808	4418.789350323991	2292.5320576869085	1.0833928356116074	-4.669408277114455	0.3076345137030863						Charcot-Marie-Tooth disease, axonal, type 2W, 616625 (3), Autosomal dominant; Usher syndrome type 3B, 614504 (3), Autosomal recessive
PB.59138.487	Patient24	0	15	0	1661		9030.704394942806		1.0		4369.5380774032465		4418.789350323991	HARS1	0.0	805.0		0.018633540372670808	4418.789350323991	2292.5320576869085	2.011712346248318	1.9380442448240172	0.5440061676278095						Charcot-Marie-Tooth disease, axonal, type 2W, 616625 (3), Autosomal dominant; Usher syndrome type 3B, 614504 (3), Autosomal recessive
PB.59138.487	Patient25	0	11	0	1946		5652.62076053443		10.0		4369.5380774032465		4418.789350323991	HARS1	0.0	738.0		0.014905149051490514	4418.789350323991	2292.5320576869085	0.5381959244902926	-8.140159284900808	0.1834736281957807						Charcot-Marie-Tooth disease, axonal, type 2W, 616625 (3), Autosomal dominant; Usher syndrome type 3B, 614504 (3), Autosomal recessive
PB.59138.487	Patient26	0	10	0	1469		6807.351940095303		7.0		4369.5380774032465		4418.789350323991	HARS1	0.0	547.0		0.018281535648994516	4418.789350323991	2292.5320576869085	1.0418884140627	-4.910579197084573	0.2990069875812399						Charcot-Marie-Tooth disease, axonal, type 2W, 616625 (3), Autosomal dominant; Usher syndrome type 3B, 614504 (3), Autosomal recessive
PB.59138.487	Patient29	0	15	0	1857		8077.544426494346		2.0		4369.5380774032465		4418.789350323991	HARS1	0.0	544.0		0.027573529411764705	4418.789350323991	2292.5320576869085	1.5959450005955083	-1.9380442448240172	0.4053449447110087						Charcot-Marie-Tooth disease, axonal, type 2W, 616625 (3), Autosomal dominant; Usher syndrome type 3B, 614504 (3), Autosomal recessive
PB.59138.487	Patient31	0	11	0	1858		5920.344456404736		9.0		4369.5380774032465		4418.789350323991	HARS1	0.0	537.0		0.020484171322160148	4418.789350323991	2292.5320576869085	0.6549767105964772	-7.336172425869653	0.21223504615102984						Charcot-Marie-Tooth disease, axonal, type 2W, 616625 (3), Autosomal dominant; Usher syndrome type 3B, 614504 (3), Autosomal recessive
PB.59138.487	Patient7	0	9	0	1726		5214.368482039397		11.0		4369.5380774032465		4418.789350323991	HARS1	0.0	605.0		0.01487603305785124	4418.789350323991	2292.5320576869085	0.347030755381506	-9.54224614615092	0.13331608423471053						Charcot-Marie-Tooth disease, axonal, type 2W, 616625 (3), Autosomal dominant; Usher syndrome type 3B, 614504 (3), Autosomal recessive
PB.59138.487	Patient9	0	11	0	1722		6387.921022067364		8.0		4369.5380774032465		4418.789350323991	HARS1	0.0	592.0		0.018581081081081082	4418.789350323991	2292.5320576869085	0.8589331019999623	-6.015489181884925	0.25948049841191945						Charcot-Marie-Tooth disease, axonal, type 2W, 616625 (3), Autosomal dominant; Usher syndrome type 3B, 614504 (3), Autosomal recessive
PB.59138.526	Patient10	0	20	0	1394		14347.202295552368		2.0		0.0		1967.9909137010707	HARS1	0.0	402.0		0.04975124378109453	1967.9909137010707	4137.904950127479	2.9916616092087667	-0.0986000033343067	2.019064605204194						Charcot-Marie-Tooth disease, axonal, type 2W, 616625 (3), Autosomal dominant; Usher syndrome type 3B, 614504 (3), Autosomal recessive
PB.59138.526	Patient11	0	21	0	1367		15362.106803218727		1.0		0.0		1967.9909137010707	HARS1	0.0	252.0		0.08333333333333333	1967.9909137010707	4137.904950127479	3.2369317446755304	0.09860000333430655	2.022639141236633						Charcot-Marie-Tooth disease, axonal, type 2W, 616625 (3), Autosomal dominant; Usher syndrome type 3B, 614504 (3), Autosomal recessive
PB.59138.526	Patient12	0	21	0	1791		11725.293132328308		3.0		0.0		1967.9909137010707	HARS1	0.0	520.0		0.04038461538461539	1967.9909137010707	4137.904950127479	2.3580295671911546	-0.389722967870063	2.0137875793856703	1.0	1.0	1.0	1.0	1.0	Charcot-Marie-Tooth disease, axonal, type 2W, 616625 (3), Autosomal dominant; Usher syndrome type 3B, 614504 (3), Autosomal recessive
PB.59138.526	Patient13	0	12	0	2218		5410.279531109108		4.0		0.0		1967.9909137010707	HARS1	0.0	548.0		0.021897810218978103	1967.9909137010707	4137.904950127479	0.8318916598850313	-1.5054283206411698	1.9935638022548376						Charcot-Marie-Tooth disease, axonal, type 2W, 616625 (3), Autosomal dominant; Usher syndrome type 3B, 614504 (3), Autosomal recessive
PB.59138.526	Patient7	0	6	0	1726		3476.2456546929316		5.0		0.0		1967.9909137010707	HARS1	0.0	605.0		0.009917355371900827	1967.9909137010707	4137.904950127479	0.3644971934276535	-2.143453097559342	1.981998678129284	1.0	1.0	1.0	1.0	1.0	Charcot-Marie-Tooth disease, axonal, type 2W, 616625 (3), Autosomal dominant; Usher syndrome type 3B, 614504 (3), Autosomal recessive
PB.70308.12	Patient1	0	182	0	1717		105998.83517763541		3.0		59763.724808895066		66103.79118478937	VTA1	0.0	979.0		0.18590398365679264	66103.79118478937	26587.832262364933	1.5005000633059304	-2.3867637296897426	1.3921291475985142	1.0	1.0	1.0	1.0	1.0	
PB.70308.12	Patient10	0	94	0	1394		67431.85078909612		12.0		59763.724808895066		66103.79118478937	VTA1	0.0	741.0		0.12685560053981107	66103.79118478937	26587.832262364933	0.04994990156405556	-12.712130818303935	0.35149824515087175						
PB.70308.12	Patient14	0	201	0	1708		117681.49882903982		1.0		59763.724808895066		66103.79118478937	VTA1	0.0	1194.0		0.16834170854271358	66103.79118478937	26587.832262364933	1.93989894081206	1.0183587604363116	1.7353107177484064						
PB.70308.12	Patient18	0	127	0	1387		91564.52775775053		9.0		59763.724808895066		66103.79118478937	VTA1	0.0	699.0		0.18168812589413447	66103.79118478937	26587.832262364933	0.9576085903400566	-5.728433691511521	1.0553425715660396						
PB.70308.12	Patient2	0	104	0	1085		95852.534562212		6.0		59763.724808895066		66103.79118478937	VTA1	0.0	937.0		0.11099252934898612	66103.79118478937	26587.832262364933	1.1188856272247496	-4.683662043707104	1.1606387468376482						
PB.70308.12	Patient21	0	111	0	1328		83584.3373493976		10.0		59763.724808895066		66103.79118478937	VTA1	0.0	737.0		0.15061058344640435	66103.79118478937	26587.832262364933	0.6574641359292737	-7.81007371566556	0.8455467436486723						
PB.70308.12	Patient22	0	222	0	2106		105413.10541310541		4.0		59763.724808895066		66103.79118478937	VTA1	0.0	1319.0		0.1683093252463988	66103.79118478937	26587.832262364933	1.4784700700838391	-2.513257361337241	1.3793806243813236	1.0	1.0	1.0	1.0	1.0	
PB.70308.12	Patient26	0	136	0	1469		92579.98638529611		8.0		59763.724808895066		66103.79118478937	VTA1	0.0	695.0		0.19568345323741007	66103.79118478937	26587.832262364933	0.9958011973012102	-5.476661934049505	1.0807171145658168						
PB.70308.12	Patient29	0	209	0	1857		112547.11900915456		2.0		59763.724808895066		66103.79118478937	VTA1	0.0	1270.0		0.16456692913385826	66103.79118478937	26587.832262364933	1.7467888079806229	-1.0183587604363111	1.530042355511315	1.0	1.0	1.0	1.0	1.0	
PB.70308.12	Patient30	0	172	0	1808		95132.74336283185		7.0		59763.724808895066		66103.79118478937	VTA1	0.0	1148.0		0.14982578397212543	66103.79118478937	26587.832262364933	1.0918134239598374	-4.855733180280193	1.1432967443112008						
PB.70308.12	Patient4	0	97	0	1450		66896.55172413793		13.0		59763.724808895066		66103.79118478937	VTA1	0.0	891.0		0.10886644219977554	66103.79118478937	26587.832262364933	0.02981666694470273	-12.894070883155225	0.3331616134115162						
PB.70308.12	Patient5	0	113	0	1596		70802.00501253133		11.0		59763.724808895066		66103.79118478937	VTA1	0.0	676.0		0.16715976331360946	66103.79118478937	26587.832262364933	0.1767054110083385	-11.598813374694629	0.46370273397058576						
PB.70308.12	Patient6	0	157	0	1602		98002.49687890138		5.0		59763.724808895066		66103.79118478937	VTA1	0.0	866.0		0.1812933025404157	66103.79118478937	26587.832262364933	1.1997482675285498	-4.177288538385073	1.2116730503443882						
PB.70308.15	Patient10	0	5	0	1394		3586.800573888092		6.0		1663.8935108153078		2160.3392508303905	VTA1	0.0	741.0		0.006747638326585695	2160.3392508303905	1585.6889737159845	0.899584563367972	-7.733366229925802	0.518446987939641						
PB.70308.15	Patient14	0	9	0	1708		5269.320843091335		4.0		1663.8935108153078		2160.3392508303905	VTA1	0.0	1194.0		0.007537688442211055	2160.3392508303905	1585.6889737159845	1.9606503190693179	-1.8041332372856433	0.7729905473543445						
PB.70308.15	Patient20	0	4	0	1738		2301.4959723820484		12.0		1663.8935108153078		2160.3392508303905	VTA1	0.0	862.0		0.004640371229698376	2160.3392508303905	1585.6889737159845	0.08901917330033775	-14.572197256526469	0.22485414146060373						
PB.70308.15	Patient21	0	7	0	1328		5271.084337349397		3.0		1663.8935108153078		2160.3392508303905	VTA1	0.0	737.0		0.009497964721845319	2160.3392508303905	1585.6889737159845	1.9617624503178122	-1.79897492152909	0.7732119952304674						
PB.70308.15	Patient22	0	5	0	2106		2374.1690408357076		11.0		1663.8935108153078		2160.3392508303905	VTA1	0.0	1319.0		0.0037907505686125853	2160.3392508303905	1585.6889737159845	0.13484976786098063	-14.09306776950709	0.24542329858393472						
PB.70308.15	Patient23	0	3	0	1159		2588.4383088869713		9.0		1663.8935108153078		2160.3392508303905	VTA1	0.0	581.0		0.0051635111876075735	2160.3392508303905	1585.6889737159845	0.26997668846328143	-12.761330884131205	0.3025951195307932						
PB.70308.15	Patient24	0	4	0	1661		2408.187838651415		10.0		1663.8935108153078		2160.3392508303905	VTA1	0.0	804.0		0.004975124378109453	2160.3392508303905	1585.6889737159845	0.1563034062349588	-13.873799248863374	0.25483655486540113						
PB.70308.15	Patient25	0	7	0	1946		3597.1223021582737		5.0		1663.8935108153078		2160.3392508303905	VTA1	0.0	856.0		0.008177570093457943	2160.3392508303905	1585.6889737159845	0.9060938652810661	-7.689072348235467	0.5203485361364729						
PB.70308.15	Patient26	0	4	0	1469		2722.940776038121		8.0		1663.8935108153078		2160.3392508303905	VTA1	0.0	695.0		0.0057553956834532375	2160.3392508303905	1585.6889737159845	0.3547994181288284	-11.980556041037648	0.336113992529912						
PB.70308.15	Patient27	0	5	0	1439		3474.6351633078525		7.0		1663.8935108153078		2160.3392508303905	VTA1	0.0	847.0		0.0059031877213695395	2160.3392508303905	1585.6889737159845	0.8288484906327336	-8.223092085386586	0.4974229258828568						
PB.70308.15	Patient29	0	11	0	1857		5923.532579429187		1.0		1663.8935108153078		2160.3392508303905	VTA1	0.0	1270.0		0.008661417322834646	2160.3392508303905	1585.6889737159845	2.373222864620126	1.0570524089150404	0.8958220129813828						
PB.70308.15	Patient30	0	10	0	1808		5530.973451327433		2.0		1663.8935108153078		2160.3392508303905	VTA1	0.0	1148.0		0.008710801393728223	2160.3392508303905	1585.6889737159845	2.1256591023636413	-1.0570524089150413	0.8050629272827409						
PB.70308.16	Patient10	0	207	0	1394		148493.54375896702		9.0		109988.34045860863		133455.12353472013	VTA1	0.0	741.0		0.2793522267206478	133455.12353472013	57036.77582221597	0.26366182182390097	-17.25323571860461	0.8622097009106768						
PB.70308.16	Patient11	0	383	0	1367		280175.56693489396		2.0		109988.34045860863		133455.12353472013	VTA1	0.0	810.0		0.4728395061728395	133455.12353472013	57036.77582221597	2.5723831911099335	-1.9413551428585158	2.538328658836671	1.0	1.0	1.0	1.0	1.0	
PB.70308.16	Patient12	0	326	0	1791		182021.21719709662		6.0		109988.34045860863		133455.12353472013	VTA1	0.0	1046.0		0.31166347992351817	133455.12353472013	57036.77582221597	0.8514873599054291	-12.343266586767303	1.399680738775204						
PB.70308.16	Patient13	0	516	0	2218		232642.01983769162		3.0		109988.34045860863		133455.12353472013	VTA1	0.0	1281.0		0.4028103044496487	133455.12353472013	57036.77582221597	1.738999003242009	-6.425261456976661	2.047496697244567	1.0	1.0	1.0	1.0	1.0	
PB.70308.16	Patient16	0	196	0	1271		154209.28402832415		8.0		109988.34045860863		133455.12353472013	VTA1	0.0	567.0		0.345679012345679	133455.12353472013	57036.77582221597	0.36387331146302676	-16.34232195881411	0.9619231106559789						
PB.70308.16	Patient2	0	212	0	1085		195391.70506912444		4.0		109988.34045860863		133455.12353472013	VTA1	0.0	937.0		0.22625400213447172	133455.12353472013	57036.77582221597	1.0859060779918743	-10.633713966080387	1.5868173574897073						
PB.70308.16	Patient28	0	365	0	1202		303660.5657237937		1.0		109988.34045860863		133455.12353472013	VTA1	0.0	786.0		0.4643765903307888	133455.12353472013	57036.77582221597	2.9841350555929935	1.9413551428585167	2.963350542061976						
PB.70308.16	Patient31	0	321	0	1858		172766.4155005382		7.0		109988.34045860863		133455.12353472013	VTA1	0.0	1178.0		0.27249575551782684	133455.12353472013	57036.77582221597	0.6892271065312604	-13.60180719207528	1.26191426669223						
PB.70308.16	Patient7	0	315	0	1726		182502.8968713789		5.0		109988.34045860863		133455.12353472013	VTA1	0.0	856.0		0.3679906542056075	133455.12353472013	57036.77582221597	0.8599324318320698	-12.279528000083445	1.4066578996120933						
PB.70308.16	Patient9	0	243	0	1722		141114.9825783972		10.0		109988.34045860863		133455.12353472013	VTA1	0.0	1124.0		0.21619217081850534	133455.12353472013	57036.77582221597	0.1342968450312288	-18.482439353084317	0.7276546079088116						
PB.70308.18	Patient11	0	74	0	1367		54133.13825896123		14.0		52119.527449617795		53498.15672269605	VTA1	0.0	810.0		0.09135802469135802	53498.15672269605	12198.719000430292	0.05205313248405739	-12.009282414030473	0.23147276148747153						
PB.70308.18	Patient12	0	106	0	1791		59184.81295365718		11.0		52119.527449617795		53498.15672269605	VTA1	0.0	1046.0		0.10133843212237094	53498.15672269605	12198.719000430292	0.466168310849733	-9.99583026615743	0.5903485152065869						
PB.70308.18	Patient14	0	109	0	1708		63817.33021077284		6.0		52119.527449617795		53498.15672269605	VTA1	0.0	1194.0		0.09128978224455611	53498.15672269605	12198.719000430292	0.8459227143204788	-8.2951324884703	0.8934792339875819						
PB.70308.18	Patient19	0	92	0	1548		59431.524547803616		10.0		52119.527449617795		53498.15672269605	VTA1	0.0	912.0		0.10087719298245613	53498.15672269605	12198.719000430292	0.4863926962247657	-9.901952503104742	0.6070811964419408						
PB.70308.18	Patient2	0	100	0	1085		92165.89861751153		1.0		52119.527449617795		53498.15672269605	VTA1	0.0	937.0		0.10672358591248667	53498.15672269605	12198.719000430292	3.169819871533358	5.752354563889251	3.397289671747698	1.0	1.0	1.0	1.0	1.0	
PB.70308.18	Patient21	0	80	0	1328		60240.96385542169		8.0		52119.527449617795		53498.15672269605	VTA1	0.0	737.0		0.10854816824966079	53498.15672269605	12198.719000430292	0.5527471476708167	-9.596661705611108	0.6614959314381389						
PB.70308.18	Patient22	0	131	0	2106		62203.22886989554		7.0		52119.527449617795		53498.15672269605	VTA1	0.0	1319.0		0.09931766489764973	53498.15672269605	12198.719000430292	0.7136054324140455	-8.873269313795003	0.7904326882028434						
PB.70308.18	Patient24	0	92	0	1661		55388.32028898254		13.0		52119.527449617795		53498.15672269605	VTA1	0.0	804.0		0.11442786069651742	53498.15672269605	12198.719000430292	0.15494770936356686	-11.49198184315501	0.3236759124132944						
PB.70308.18	Patient28	0	79	0	1202		65723.79367720465		4.0		52119.527449617795		53498.15672269605	VTA1	0.0	786.0		0.1005089058524173	53498.15672269605	12198.719000430292	1.0022066213737166	-7.6308239139855205	1.0118849485818622						
PB.70308.18	Patient29	0	104	0	1857		56004.30802369413		12.0		52119.527449617795		53498.15672269605	VTA1	0.0	1270.0		0.08188976377952756	53498.15672269605	12198.719000430292	0.2054438093794671	-11.24238641710676	0.36816355854013827						
PB.70308.18	Patient31	0	111	0	1858		59741.65769644779		9.0		52119.527449617795		53498.15672269605	VTA1	0.0	1178.0		0.09422750424448217	53498.15672269605	12198.719000430292	0.5118161155717675	-9.784493117817167	0.6280170431026086						
PB.70308.18	Patient4	0	99	0	1450		68275.86206896552		3.0		52119.527449617795		53498.15672269605	VTA1	0.0	891.0		0.1111111111111111	53498.15672269605	12198.719000430292	1.2114145219467891	-6.771099934650356	1.1651213149887976						
PB.70308.18	Patient8	0	88	0	1359		64753.49521707138		5.0		52119.527449617795		53498.15672269605	VTA1	0.0	726.0		0.12121212121212122	53498.15672269605	12198.719000430292	0.9226656089035511	-7.966481252298585	0.9520577108669243						
PB.70308.18	Patient9	0	123	0	1722		71428.57142857142		2.0		52119.527449617795		53498.15672269605	VTA1	0.0	1124.0		0.1094306049822064	53498.15672269605	12198.719000430292	1.4698604587287325	-5.75235456388925	1.3467014996313602	1.0	1.0	1.0	1.0	1.0	
PB.70308.19	Patient1	0	6	0	1717		3494.4670937682004		8.0		1742.1602787456445		2370.0747777365027	VTA1	0.0	979.0		0.006128702757916241	2370.0747777365027	1577.71053226462	0.7126733916251184	-9.490128738683238	1.0160446131540128						
PB.70308.19	Patient14	0	11	0	1708		6440.281030444965		1.0		1742.1602787456445		2370.0747777365027	VTA1	0.0	1194.0		0.009212730318257957	2370.0747777365027	1577.71053226462	2.579818141206267	2.362715672224849	2.110541558957475	1.0	1.0	1.0	1.0	1.0	
PB.70308.19	Patient15	0	8	0	2573		3109.2110376991836		9.0		1742.1602787456445		2370.0747777365027	VTA1	0.0	1275.0		0.006274509803921568	2370.0747777365027	1577.71053226462	0.4684866107230309	-11.303142180937943	0.8486301422931429						
PB.70308.19	Patient16	0	5	0	1271		3933.910306845004		6.0		1742.1602787456445		2370.0747777365027	VTA1	0.0	567.0		0.008818342151675485	2370.0747777365027	1577.71053226462	0.991205609094716	-7.651581370129647	1.1858168981715236						
PB.70308.19	Patient19	0	8	0	1548		5167.958656330749		3.0		1742.1602787456445		2370.0747777365027	VTA1	0.0	912.0		0.008771929824561403	2370.0747777365027	1577.71053226462	1.7733822658699057	-3.416484186076374	1.5768876633341302						
PB.70308.19	Patient2	0	5	0	1085		4608.294930875576		4.0		1742.1602787456445		2370.0747777365027	VTA1	0.0	937.0		0.005336179295624333	2370.0747777365027	1577.71053226462	1.4186507013592464	-5.195650693368428	1.4125986335620961						
PB.70308.19	Patient24	0	4	0	1661		2408.187838651415		11.0		1742.1602787456445		2370.0747777365027	VTA1	0.0	804.0		0.004975124378109453	2370.0747777365027	1577.71053226462	0.024157194957813568	-15.268370750897581	0.4824791654660577						
PB.70308.19	Patient30	0	10	0	1808		5530.973451327433		2.0		1742.1602787456445		2370.0747777365027	VTA1	0.0	1148.0		0.008710801393728223	2370.0747777365027	1577.71053226462	2.0034718720257434	-2.3627156722248497	1.6741931184646244						
PB.70308.19	Patient31	0	7	0	1858		3767.491926803014		7.0		1742.1602787456445		2370.0747777365027	VTA1	0.0	1178.0		0.005942275042444821	2370.0747777365027	1577.71053226462	0.8857246754008046	-8.322488042085553	1.1238650764890312						
PB.70308.19	Patient4	0	4	0	1450		2758.620689655172		10.0		1742.1602787456445		2370.0747777365027	VTA1	0.0	891.0		0.004489337822671156	2370.0747777365027	1577.71053226462	0.24627198967922012	-13.159951704672448	0.6771715217112418						
PB.70308.19	Patient8	0	6	0	1359		4415.0110375275935		5.0		1742.1602787456445		2370.0747777365027	VTA1	0.0	726.0		0.008264462809917356	2370.0747777365027	1577.71053226462	1.296141603907418	-5.860733864891674	1.3511845565100458	1.0	1.0	1.0	1.0	1.0	
PB.70308.21	Patient14	0	611	0	1708		357728.337236534		2.0		280207.1346375144		283911.87846636825	VTA1	0.0	1194.0		0.5117252931323283	283911.87846636825	57023.01363157352	1.2945029395867238	-5.921617843248418	1.1328142110725474						
PB.70308.21	Patient17	0	366	0	1227		298288.5085574572		11.0		280207.1346375144		283911.87846636825	VTA1	0.0	645.0		0.5674418604651162	283911.87846636825	57023.01363157352	0.2521197877049527	-10.663723722578833	0.30805707301758734						
PB.70308.21	Patient19	0	502	0	1548		324289.4056847545		7.0		280207.1346375144		283911.87846636825	VTA1	0.0	912.0		0.5504385964912281	283911.87846636825	57023.01363157352	0.7080917799130365	-8.482685819172907	0.6873878228945716						
PB.70308.21	Patient2	0	487	0	1085		448847.9262672811		1.0		280207.1346375144		283911.87846636825	VTA1	0.0	937.0		0.5197438633938101	283911.87846636825	57023.01363157352	2.892447054211602	5.921617843248416	3.1926149448943555						
PB.70308.21	Patient22	0	719	0	2106		341405.50807217474		6.0		280207.1346375144		283911.87846636825	VTA1	0.0	1319.0		0.5451099317664898	283911.87846636825	57023.01363157352	1.0082530884332706	-7.140411248398463	0.920839070430233						
PB.70308.21	Patient23	0	339	0	1159		292493.52890422783		12.0		280207.1346375144		283911.87846636825	VTA1	0.0	581.0		0.5834767641996558	283911.87846636825	57023.01363157352	0.15049450899431144	-11.175705369984046	0.21901213623304425						
PB.70308.21	Patient27	0	456	0	1439		316886.72689367615		10.0		280207.1346375144		283911.87846636825	VTA1	0.0	847.0		0.538370720188902	283911.87846636825	57023.01363157352	0.5782726363843002	-9.085310344139803	0.5825780841032467						
PB.70308.21	Patient29	0	635	0	1857		341949.380721594		5.0		280207.1346375144		283911.87846636825	VTA1	0.0	1270.0		0.5	283911.87846636825	57023.01363157352	1.0177908630050112	-7.098871196437765	0.9280638045971972						
PB.70308.21	Patient3	0	585	0	2019		289747.3997028232		13.0		280207.1346375144		283911.87846636825	VTA1	0.0	1000.0		0.585	283911.87846636825	57023.01363157352	0.10233624750453098	-11.42187658273791	0.17619751545720783						
PB.70308.21	Patient30	0	586	0	1808		324115.04424778756		8.0		280207.1346375144		283911.87846636825	VTA1	0.0	1148.0		0.5104529616724739	283911.87846636825	57023.01363157352	0.7050340418900433	-8.496721077967434	0.6849467808407258						
PB.70308.21	Patient31	0	602	0	1858		324004.3057050592		9.0		280207.1346375144		283911.87846636825	VTA1	0.0	1178.0		0.5110356536502547	283911.87846636825	57023.01363157352	0.7030920445160735	-8.505638920133537	0.6833957707684709						
PB.70308.21	Patient4	0	508	0	1450		350344.8275862069		4.0		280207.1346375144		283911.87846636825	VTA1	0.0	891.0		0.5701459034792368	283911.87846636825	57023.01363157352	1.1650199610470056	-6.465890513680164	1.0381531509002258						
PB.70308.21	Patient6	0	458	0	1602		285892.63420724095		14.0		280207.1346375144		283911.87846636825	VTA1	0.0	866.0		0.5288683602771362	283911.87846636825	57023.01363157352	0.03473607609850982	-11.771394349598394	0.1154086422370434						
PB.70308.21	Patient9	0	610	0	1722		354239.25667828106		3.0		280207.1346375144		283911.87846636825	VTA1	0.0	1124.0		0.5427046263345195	283911.87846636825	57023.01363157352	1.2333157041874176	-6.177400048979036	1.0883280259615653						
PB.70308.26	Patient1	0	9	0	1717		5241.7006406523005		6.0		2927.4004683840753		3201.7783566946323	VTA1	0.0	979.0		0.009193054136874362	3201.7783566946323	2207.5462473473685	0.9240677455382326	-9.493724513528479	0.24165513836381075						
PB.70308.26	Patient10	0	6	0	1394		4304.16068866571		8.0		2927.4004683840753		3201.7783566946323	VTA1	0.0	741.0		0.008097165991902834	3201.7783566946323	2207.5462473473685	0.4993699829825637	-12.7616542924934	0.16287538884492844						
PB.70308.26	Patient11	0	5	0	1367		3657.6444769568398		9.0		2927.4004683840753		3201.7783566946323	VTA1	0.0	810.0		0.006172839506172839	3201.7783566946323	2207.5462473473685	0.20650354247843516	-15.460654666455433	0.09781077981301539						
PB.70308.26	Patient13	0	8	0	2218		3606.8530207394047		10.0		2927.4004683840753		3201.7783566946323	VTA1	0.0	1281.0		0.00624512099921936	3201.7783566946323	2207.5462473473685	0.18349543731259	-15.692532884478767	0.09222090819082006						
PB.70308.26	Patient19	0	5	0	1548		3229.9741602067184		14.0		2927.4004683840753		3201.7783566946323	VTA1	0.0	912.0		0.005482456140350877	3201.7783566946323	2207.5462473473685	0.012772463338408742	-17.522518685365263	0.04810557133599565						
PB.70308.26	Patient2	0	9	0	1085		8294.930875576038		2.0		2927.4004683840753		3201.7783566946323	VTA1	0.0	937.0		0.0096051227321238	3201.7783566946323	2207.5462473473685	2.3071555239222907	-1.88166337140184	0.425158552041535						
PB.70308.26	Patient25	0	7	0	1946		3597.1223021582737		11.0		2927.4004683840753		3201.7783566946323	VTA1	0.0	856.0		0.008177570093457943	3201.7783566946323	2207.5462473473685	0.17908750312193664	-15.737328937617795	0.09114101294079271						
PB.70308.26	Patient26	0	5	0	1469		3403.6759700476514		13.0		2927.4004683840753		3201.7783566946323	VTA1	0.0	695.0		0.007194244604316547	3201.7783566946323	2207.5462473473685	0.09145793144565977	-16.653943461390913	0.06904425215571619						
PB.70308.26	Patient27	0	7	0	1439		4864.489228630994		7.0		2927.4004683840753		3201.7783566946323	VTA1	0.0	847.0		0.008264462809917356	3201.7783566946323	2207.5462473473685	0.7531941285190779	-10.73223730662768	0.21179839901637276						
PB.70308.26	Patient3	0	11	0	2019		5448.241703813769		5.0		2927.4004683840753		3201.7783566946323	VTA1	0.0	1000.0		0.011	3201.7783566946323	2207.5462473473685	1.0176291209384771	-8.852823180608645	0.25710530097095663						
PB.70308.26	Patient31	0	6	0	1858		3229.2787944025836		15.0		2927.4004683840753		3201.7783566946323	VTA1	0.0	1178.0		0.0050933786078098476	3201.7783566946323	2207.5462473473685	0.012457468440806778	-17.526088814560904	0.048019506486746744						
PB.70308.26	Patient4	0	5	0	1450		3448.2758620689656		12.0		2927.4004683840753		3201.7783566946323	VTA1	0.0	891.0		0.005611672278338945	3201.7783566946323	2207.5462473473685	0.11166130977800787	-16.438076472181166	0.0742481422297329						
PB.70308.26	Patient5	0	9	0	1596		5639.097744360902		4.0		2927.4004683840753		3201.7783566946323	VTA1	0.0	676.0		0.013313609467455622	3201.7783566946323	2207.5462473473685	1.1040853121854188	-8.281830601910022	0.2708701782386885						
PB.70308.26	Patient8	0	8	0	1359		5886.681383370125		3.0		2927.4004683840753		3201.7783566946323	VTA1	0.0	726.0		0.011019283746556474	3201.7783566946323	2207.5462473473685	1.2162386314224338	-7.569255852384773	0.288048166775168						
PB.70308.26	Patient9	0	16	0	1722		9291.521486643438		1.0		2927.4004683840753		3201.7783566946323	VTA1	0.0	1124.0		0.014234875444839857	3201.7783566946323	2207.5462473473685	2.7586027415128274	1.88166337140184	0.5158808007459394						
PB.70308.42	Patient1	0	24	0	1717		13977.868375072801		12.0		12509.197939661517		13172.93256224263	VTA1	0.0	979.0		0.024514811031664963	13172.93256224263	5972.3441377880035	0.1347771987446622	-14.37310857831758	0.23130107710691877						
PB.70308.42	Patient14	0	28	0	1708		16393.44262295082		8.0		12509.197939661517		13172.93256224263	VTA1	0.0	1194.0		0.023450586264656615	13172.93256224263	5972.3441377880035	0.5392371883481218	-11.244109103631413	0.5531083728915485						
PB.70308.42	Patient19	0	45	0	1548		29069.767441860466		1.0		12509.197939661517		13172.93256224263	VTA1	0.0	912.0		0.049342105263157895	13172.93256224263	5972.3441377880035	2.6617412715780975	3.904976398929449	2.111141948361615	1.0	1.0	1.0	1.0	1.0	
PB.70308.42	Patient2	0	15	0	1085		13824.884792626728		13.0		12509.197939661517		13172.93256224263	VTA1	0.0	937.0		0.016008537886873	13172.93256224263	5972.3441377880035	0.10916186598476293	-14.58912623614507	0.20908437209639263						
PB.70308.42	Patient21	0	28	0	1328		21084.33734939759		4.0		12509.197939661517		13172.93256224263	VTA1	0.0	737.0		0.037991858887381276	13172.93256224263	5972.3441377880035	1.3246732948790074	-6.304404750069543	1.0611407049055206						
PB.70308.42	Patient23	0	18	0	1159		15530.629853321829		11.0		12509.197939661517		13172.93256224263	VTA1	0.0	581.0		0.03098106712564544	13172.93256224263	5972.3441377880035	0.39476916210532154	-12.30540362380733	0.44395772511040343						
PB.70308.42	Patient26	0	35	0	1469		23825.73179033356		2.0		12509.197939661517		13172.93256224263	VTA1	0.0	695.0		0.050359712230215826	13172.93256224263	5972.3441377880035	1.7836881101155773	-3.90497639892945	1.3079140122697899	1.0	1.0	1.0	1.0	1.0	
PB.70308.42	Patient27	0	27	0	1439		18763.029881862403		6.0		12509.197939661517		13172.93256224263	VTA1	0.0	847.0		0.031877213695395513	13172.93256224263	5972.3441377880035	0.935997188147667	-8.594018799300267	0.8256614370007741						
PB.70308.42	Patient28	0	19	0	1202		15806.988352745424		10.0		12509.197939661517		13172.93256224263	VTA1	0.0	786.0		0.024173027989821884	13172.93256224263	5972.3441377880035	0.441042198797067	-11.959185762191577	0.4795650924814309						
PB.70308.42	Patient29	0	42	0	1857		22617.124394184168		3.0		12509.197939661517		13172.93256224263	VTA1	0.0	1270.0		0.03307086614173228	13172.93256224263	5972.3441377880035	1.5813207702125842	-4.926867863363241	1.2028158390629						
PB.70308.42	Patient30	0	36	0	1808		19911.50442477876		5.0		12509.197939661517		13172.93256224263	VTA1	0.0	1148.0		0.0313588850174216	13172.93256224263	5972.3441377880035	1.1282959767673262	-7.42785218117471	0.9455978348331618						
PB.70308.42	Patient31	0	30	0	1858		16146.393972012916		9.0		12509.197939661517		13172.93256224263	VTA1	0.0	1178.0		0.025466893039049237	13172.93256224263	5972.3441377880035	0.497871747034252	-11.542171959390599	0.5224535893539679						
PB.70308.42	Patient4	0	24	0	1450		16551.724137931036		7.0		12509.197939661517		13172.93256224263	VTA1	0.0	891.0		0.026936026936026935	13172.93256224263	5972.3441377880035	0.5657395986795598	-11.05549483093019	0.5725067299495832						
PB.70308.51	Patient10	0	13	0	1394		9325.681492109039		6.0		4864.489228630994		6201.890516865472	VTA1	0.0	741.0		0.017543859649122806	6201.890516865472	4445.690786137766	0.7026559258201106	-16.753706913560155	0.970889990330329						
PB.70308.51	Patient11	0	13	0	1367		9509.875640087785		5.0		4864.489228630994		6201.890516865472	VTA1	0.0	810.0		0.016049382716049384	6201.890516865472	4445.690786137766	0.7440879904506708	-16.40898646376133	0.9988937642233642						
PB.70308.51	Patient12	0	12	0	1791		6700.167504187605		11.0		4864.489228630994		6201.890516865472	VTA1	0.0	1046.0		0.011472275334608031	6201.890516865472	4445.690786137766	0.11208089165261444	-22.58106271989393	0.49749784173551326						
PB.70308.51	Patient13	0	22	0	2218		9918.845807033364		4.0		4864.489228630994		6201.890516865472	VTA1	0.0	1281.0		0.01717408274785324	6201.890516865472	4445.690786137766	0.8360804808462692	-15.666875569951628	1.059180021351229						
PB.70308.51	Patient14	0	11	0	1708		6440.281030444965		12.0		4864.489228630994		6201.890516865472	VTA1	0.0	1194.0		0.009212730318257957	6201.890516865472	4445.690786137766	0.05362282827290311	-23.278276512024426	0.44085885382132806						
PB.70308.51	Patient16	0	10	0	1271		7867.820613690008		10.0		4864.489228630994		6201.890516865472	VTA1	0.0	567.0		0.01763668430335097	6201.890516865472	4445.690786137766	0.3747291876482098	-19.749742670926558	0.7275034782342215						
PB.70308.51	Patient19	0	13	0	1548		8397.932816537468		7.0		4864.489228630994		6201.890516865472	VTA1	0.0	912.0		0.01425438596491228	6201.890516865472	4445.690786137766	0.49397099468085764	-18.600541720865746	0.820860178081722						
PB.70308.51	Patient23	0	12	0	1159		10353.753235547885		3.0		4864.489228630994		6201.890516865472	VTA1	0.0	581.0		0.020654044750430294	6201.890516865472	4445.690786137766	0.9339072190149738	-14.910542417327425	1.1206216405132345	1.0	1.0	1.0	1.0	1.0	
PB.70308.51	Patient28	0	29	0	1202		24126.455906821964		1.0		4864.489228630994		6201.890516865472	VTA1	0.0	786.0		0.03689567430025445	6201.890516865472	4445.690786137766	4.031896560563228	10.292269250414195	3.1680018868086557						
PB.70308.51	Patient29	0	15	0	1857		8077.544426494346		9.0		4864.489228630994		6201.890516865472	VTA1	0.0	1270.0		0.011811023622047244	6201.890516865472	4445.690786137766	0.4219038164951561	-19.286097427643828	0.7651682485344694						
PB.70308.51	Patient30	0	15	0	1808		8296.460176991151		8.0		4864.489228630994		6201.890516865472	VTA1	0.0	1148.0		0.013066202090592335	6201.890516865472	4445.690786137766	0.4711460515105586	-18.814798023865215	0.8034548136252287						
PB.70308.51	Patient31	0	25	0	1858		13455.328310010764		2.0		4864.489228630994		6201.890516865472	VTA1	0.0	1178.0		0.021222410865874362	6201.890516865472	4445.690786137766	1.6315659685020023	-10.292269250414195	1.4957925293246903	1.0	1.0	1.0	1.0	1.0	
