associated_gene	Sample	cyclo_count	noncyclo_count	Cyclo_TPM	Noncyclo_TPM	total_cyclo	total_noncyclo	Cyclo_TPM_Rank	Noncyclo_TPM_Rank	Cyclo_TPM_Median	Noncyclo_TPM_Median	Cyclo_TPM_Mean	Noncyclo_TPM_Mean	Total_bin_cyclo_count_Bin1_le	Total_bin_cyclo_count_Bin2_g	Total_bin_noncyclo_count_Bin1_le	Total_bin_noncyclo_count_Bin2_g	proportion_in_Bin1_cyclo	proportion_in_Bin1_noncyclo	bin_proportion_difference	test_statistic	z_score_of_test_stat	rank_top_99_9_percentile	rank_top_99_5_percentile	rank_top_99_percentile	rank_top_98_percentile	rank_top_95_percentile	Phenotypes	Source_File	Avg_Cyclo_TPM	SD_Cyclo_TPM	Cyclo_TPM_Z_Score	Avg_Noncyclo_TPM	SD_Noncyclo_TPM	Noncyclo_TPM_Z_Score	CycloFraction	NoncycloFraction	NormalizedCycloFraction	NormalizedNoncycloFraction	NormalizedFractionDifference
HARS1	Patient2	145	71	113547.37666405638	65437.78801843317	1277	1085	31.0	31.0	310319.7674418605	347138.5542168675	317227.10950330645	326306.0749468037	75.0	70.0	0.0	71.0	0.5172413793103449	0.0	1.0	19.80269392417545	5.576848698215066	1.0	1.0	1.0	1.0	1.0	Charcot-Marie-Tooth disease, axonal, type 2W, 616625 (3), Autosomal dominant; Usher syndrome type 3B, 614504 (3), Autosomal recessive	NMD_rare_steady_state_transcript_gene_top_ranked_data.tsv.gz											
SRSF6	Patient1	191	95	100420.60988433228	55329.0623179965	1902	1717	19.0	19.0	126769.62676962678	67276.64155005381	138239.81160383418	108178.14236289564	24.0	167.0	0.0	95.0	0.1256544502617801	0.0	1.0	3.8224523585510486	0.418986254668977	1.0	1.0	1.0	1.0	1.0		NMD_rare_steady_state_transcript_gene_top_ranked_data.tsv.gz											
SRSF6	Patient15	324	294	235465.1162790697	114263.505635445	1376	2573	5.0	11.0	126769.62676962678	67276.64155005381	138239.81160383418	108178.14236289564	85.0	239.0	4.0	290.0	0.2623456790123457	0.0136054421768707	0.9013923761698244	13.043250408555782	2.844467836015888	1.0	1.0	1.0	1.0	1.0		NMD_rare_steady_state_transcript_gene_top_ranked_data.tsv.gz											
SRSF6	Patient17	56	25	57435.89743589744	20374.89812550937	975	1227	25.0	27.0	126769.62676962678	67276.64155005381	138239.81160383418	108178.14236289564	18.0	38.0	0.0	25.0	0.3214285714285714	0.0	1.0	6.305408590728806	1.0721146038398586	1.0	1.0	1.0	1.0	1.0		NMD_rare_steady_state_transcript_gene_top_ranked_data.tsv.gz											
SRSF6	Patient19	74	31	60211.55410903173	20025.83979328165	1229	1548	23.0	28.0	126769.62676962678	67276.64155005381	138239.81160383418	108178.14236289564	38.0	36.0	0.0	31.0	0.5135135135135135	0.0	1.0	13.389685621117698	2.935595764709489	1.0	1.0	1.0	1.0	1.0		NMD_rare_steady_state_transcript_gene_top_ranked_data.tsv.gz											
SRSF6	Patient25	341	346	248542.2740524781	177800.61664953752	1372	1946	3.0	6.0	126769.62676962678	67276.64155005381	138239.81160383418	108178.14236289564	43.0	298.0	8.0	338.0	0.126099706744868	0.0231213872832369	0.6901056458025674	4.711534879942023	0.6528546539373214	1.0	1.0	1.0	1.0	1.0		NMD_rare_steady_state_transcript_gene_top_ranked_data.tsv.gz											
SRSF6	Patient26	668	201	395266.2721893491	136827.7739959156	1690	1469	1.0	10.0	126769.62676962678	67276.64155005381	138239.81160383418	108178.14236289564	123.0	545.0	4.0	197.0	0.1841317365269461	0.0199004975124378	0.8049279065522906	8.704083883863087	1.7030733030303382	1.0	1.0	1.0	1.0	1.0		NMD_rare_steady_state_transcript_gene_top_ranked_data.tsv.gz											
SRSF6	Patient29	61	35	58429.11877394636	18847.60366182014	1044	1857	24.0	29.0	126769.62676962678	67276.64155005381	138239.81160383418	108178.14236289564	25.0	36.0	0.0	35.0	0.4098360655737705	0.0	1.0	9.798758393786324	1.9910215746430544	1.0	1.0	1.0	1.0	1.0		NMD_rare_steady_state_transcript_gene_top_ranked_data.tsv.gz											
SRSF6	Patient30	496	127	299155.6091676719	70243.36283185841	1658	1808	2.0	14.0	126769.62676962678	67276.64155005381	138239.81160383418	108178.14236289564	42.0	454.0	2.0	125.0	0.0846774193548387	0.0157480314960629	0.6863736958583623	2.607913253850564	0.0995082428633631	1.0	1.0	1.0	1.0	1.0		NMD_rare_steady_state_transcript_gene_top_ranked_data.tsv.gz											
VTA1	Patient10	741	1255	531563.8450502153	575688.0733944954	1394	2180	17.0	14.0	534216.3355408389	554969.8795180722	534575.3244359668	557507.4652786839	28.0	713.0	37.0	1218.0	0.0377867746288798	0.0294820717131474	0.1234554086672954	0.4122195379791392	0.7373435869584775	1.0	1.0	1.0	1.0	1.0		NMD_rare_steady_state_transcript_gene_top_ranked_data.tsv.gz											
VTA1	Patient18	483	699	488866.3967611336	503965.3929343908	988	1387	23.0	21.0	534216.3355408389	554969.8795180722	534575.3244359668	557507.4652786839	15.0	468.0	12.0	687.0	0.031055900621118	0.0171673819742489	0.2880044223327805	0.5221727772026239	1.0033794956744804	1.0	1.0	1.0	1.0	1.0		NMD_rare_steady_state_transcript_gene_top_ranked_data.tsv.gz											
VTA1	Patient20	1110	862	587923.7288135594	495972.3820483314	1888	1738	10.0	23.0	534216.3355408389	554969.8795180722	534575.3244359668	557507.4652786839	51.0	1059.0	19.0	843.0	0.0459459459459459	0.0220417633410672	0.3515956465596754	1.3237629209970727	2.942856348090845	1.0	1.0	1.0	1.0	1.0		NMD_rare_steady_state_transcript_gene_top_ranked_data.tsv.gz											
VTA1	Patient21	626	737	441778.4050811574	554969.8795180722	1417	1328	28.0	16.0	534216.3355408389	554969.8795180722	534575.3244359668	557507.4652786839	20.0	606.0	15.0	722.0	0.0319488817891373	0.0203527815468114	0.2217157065893078	0.4827860147223505	0.9080817743720336	1.0	1.0	1.0	1.0	1.0		NMD_rare_steady_state_transcript_gene_top_ranked_data.tsv.gz											
VTA1	Patient22	754	1319	617526.6175266175	626305.7929724597	1221	2106	4.0	8.0	534216.3355408389	554969.8795180722	534575.3244359668	557507.4652786839	20.0	734.0	21.0	1298.0	0.026525198938992	0.0159211523881728	0.2498223338229023	0.4806995791988815	0.9030335668396005	1.0	1.0	1.0	1.0	1.0		NMD_rare_steady_state_transcript_gene_top_ranked_data.tsv.gz											
VTA1	Patient27	476	847	519083.9694656489	588603.1966643502	917	1439	18.0	13.0	534216.3355408389	554969.8795180722	534575.3244359668	557507.4652786839	26.0	450.0	24.0	823.0	0.0546218487394958	0.0283353010625737	0.3168689828380075	1.2069764228617226	2.66028711796523	1.0	1.0	1.0	1.0	1.0		NMD_rare_steady_state_transcript_gene_top_ranked_data.tsv.gz											
VTA1	Patient28	851	786	577732.5186693822	653910.1497504159	1473	1202	12.0	4.0	534216.3355408389	554969.8795180722	534575.3244359668	557507.4652786839	21.0	830.0	4.0	782.0	0.0246768507638072	0.005089058524173	0.6580612757408337	0.8387236997200382	1.769286102169637	1.0	1.0	1.0	1.0	1.0		NMD_rare_steady_state_transcript_gene_top_ranked_data.tsv.gz											
VTA1	Patient3	999	1000	502767.99194765976	495294.7003467063	1987	2019	21.0	25.0	534216.3355408389	554969.8795180722	534575.3244359668	557507.4652786839	29.0	970.0	8.0	992.0	0.029029029029029	0.008	0.5679065743944636	1.0262674028522338	2.2230549937375117	1.0	1.0	1.0	1.0	1.0		NMD_rare_steady_state_transcript_gene_top_ranked_data.tsv.gz											
VTA1	Patient4	920	891	592020.592020592	614482.7586206896	1554	1450	8.0	9.0	534216.3355408389	554969.8795180722	534575.3244359668	557507.4652786839	26.0	894.0	17.0	874.0	0.0282608695652173	0.0190796857463524	0.1939390815853218	0.4262192918151661	0.7712165065729483	1.0	1.0	1.0	1.0	1.0		NMD_rare_steady_state_transcript_gene_top_ranked_data.tsv.gz											
VTA1	Patient7	856	889	495944.3800695249	521407.6246334311	1726	1705	22.0	19.0	534216.3355408389	554969.8795180722	534575.3244359668	557507.4652786839	13.0	843.0	11.0	878.0	0.0151869158878504	0.0123734533183352	0.1020836313355266	0.1046167196798402	-0.0177512100219903	1.0	1.0	1.0	1.0	1.0		NMD_rare_steady_state_transcript_gene_top_ranked_data.tsv.gz											
HARS1	Patient17	401	543	411282.0512820513	442542.7872860636	975	1227	4.0	5.0	310319.7674418605	347138.5542168675	317227.10950330645	326306.0749468037								-15.606392255940552	0.6760393394359231	1.0	1.0	1.0	1.0	1.0	Charcot-Marie-Tooth disease, axonal, type 2W, 616625 (3), Autosomal dominant; Usher syndrome type 3B, 614504 (3), Autosomal recessive	Cyclo_GOE_gene_top_ranked_data.tsv.gz	317227.10950330645	116796.2420782722	0.8052908219060076								
HARS1	Patient20	715	781	378707.6271186441	449367.08860759495	1888	1738	6.0	4.0	310319.7674418605	347138.5542168675	317227.10950330645	326306.0749468037								-17.777085614800452	0.4827474878708059	1.0	1.0	1.0	1.0	1.0	Charcot-Marie-Tooth disease, axonal, type 2W, 616625 (3), Autosomal dominant; Usher syndrome type 3B, 614504 (3), Autosomal recessive	Cyclo_GOE_gene_top_ranked_data.tsv.gz	317227.10950330645	116796.2420782722	0.5263912307566867								
HARS1	Patient23	495	545	744360.9022556391	470232.9594477998	665	1159	1.0	3.0	310319.7674418605	347138.5542168675	317227.10950330645	326306.0749468037								12.202209270051954	3.1522877954678727	1.0	1.0	1.0	1.0	1.0	Charcot-Marie-Tooth disease, axonal, type 2W, 616625 (3), Autosomal dominant; Usher syndrome type 3B, 614504 (3), Autosomal recessive	Cyclo_GOE_gene_top_ranked_data.tsv.gz	317227.10950330645	116796.2420782722	3.6570850667103194								
HARS1	Patient24	475	805	448536.35505193577	484647.8025285973	1059	1661	3.0	2.0	310319.7674418605	347138.5542168675	317227.10950330645	326306.0749468037								-13.325322189611294	0.8791598100776745	1.0	1.0	1.0	1.0	1.0	Charcot-Marie-Tooth disease, axonal, type 2W, 616625 (3), Autosomal dominant; Usher syndrome type 3B, 614504 (3), Autosomal recessive	Cyclo_GOE_gene_top_ranked_data.tsv.gz	317227.10950330645	116796.2420782722	1.124259164611059								
HARS1	Patient6	657	531	410112.3595505618	309801.6336056009	1602	1714	5.0	18.0	310319.7674418605	347138.5542168675	317227.10950330645	326306.0749468037								-15.681315546698803	0.6693677100522036	1.0	1.0	1.0	1.0	1.0	Charcot-Marie-Tooth disease, axonal, type 2W, 616625 (3), Autosomal dominant; Usher syndrome type 3B, 614504 (3), Autosomal recessive	Cyclo_GOE_gene_top_ranked_data.tsv.gz	317227.10950330645	116796.2420782722	0.7952760156872801								
HARS1	Patient7	605	431	350521.436848204	252785.9237536657	1726	1705	9.0	24.0	310319.7674418605	347138.5542168675	317227.10950330645	326306.0749468037								-19.81171618241315	0.3015715018386736	1.0	1.0	1.0	1.0	1.0	Charcot-Marie-Tooth disease, axonal, type 2W, 616625 (3), Autosomal dominant; Usher syndrome type 3B, 614504 (3), Autosomal recessive	Cyclo_GOE_gene_top_ranked_data.tsv.gz	317227.10950330645	116796.2420782722	0.2850633440978778								
SRSF6	Patient11	299	1145	218727.139722019	514375.5615453728	1367	2226	7.0	1.0	126769.62676962678	67276.64155005381	138239.81160383418	108178.14236289564								-14.460619802622777	0.5338061891793212	1.0	1.0	1.0	1.0	1.0		Cyclo_GOE_gene_top_ranked_data.tsv.gz	138239.81160383418	91280.78331580704	0.8817554494435071								
SRSF6	Patient21	334	122	235709.2448835568	91867.46987951807	1417	1328	4.0	12.0	126769.62676962678	67276.64155005381	138239.81160383418	108178.14236289564								-12.633318271441118	0.6045636173539676	1.0	1.0	1.0	1.0	1.0		Cyclo_GOE_gene_top_ranked_data.tsv.gz	138239.81160383418	91280.78331580704	1.0677979497886707								
SRSF6	Patient25	341	346	248542.2740524781	177800.61664953752	1372	1946	3.0	6.0	126769.62676962678	67276.64155005381	138239.81160383418	108178.14236289564								-11.33778219897683	0.6547298318679869	1.0	1.0	1.0	1.0	1.0		Cyclo_GOE_gene_top_ranked_data.tsv.gz	138239.81160383418	91280.78331580704	1.2083864581554586								
SRSF6	Patient26	668	201	395266.2721893491	136827.7739959156	1690	1469	1.0	10.0	126769.62676962678	67276.64155005381	138239.81160383418	108178.14236289564								6.808237217159573	1.3573865327917307	1.0	1.0	1.0	1.0	1.0		Cyclo_GOE_gene_top_ranked_data.tsv.gz	138239.81160383418	91280.78331580704	2.8157784283716354								
SRSF6	Patient28	299	165	202987.10115410725	137271.2146422629	1473	1202	8.0	9.0	126769.62676962678	67276.64155005381	138239.81160383418	108178.14236289564								-16.28568620716814	0.4631353103834884	1.0	1.0	1.0	1.0	1.0		Cyclo_GOE_gene_top_ranked_data.tsv.gz	138239.81160383418	91280.78331580704	0.7093200474218633								
SRSF6	Patient30	496	127	299155.6091676719	70243.36283185841	1658	1808	2.0	14.0	126769.62676962678	67276.64155005381	138239.81160383418	108178.14236289564								-6.808237217159572	0.8301245044196528	1.0	1.0	1.0	1.0	1.0		Cyclo_GOE_gene_top_ranked_data.tsv.gz	138239.81160383418	91280.78331580704	1.762866089865949								
SRSF6	Patient5	354	682	221804.51127819548	342197.69192172604	1596	1993	6.0	2.0	126769.62676962678	67276.64155005381	138239.81160383418	108178.14236289564								-14.119191650136766	0.5470270930991622	1.0	1.0	1.0	1.0	1.0		Cyclo_GOE_gene_top_ranked_data.tsv.gz	138239.81160383418	91280.78331580704	0.915468696026083								
VTA1	Patient13	1281	1283	577547.3399458972	514228.4569138276	2218	2495	13.0	20.0	534216.3355408389	554969.8795180722	534575.3244359668	557507.4652786839								-8.601579856119164	0.3307068474052995	1.0	1.0	1.0	1.0	1.0		Cyclo_GOE_gene_top_ranked_data.tsv.gz	534575.3244359668	102837.579198112	0.417862962596064								
VTA1	Patient14	693	1194	596899.2248062015	699063.2318501171	1161	1708	5.0	2.0	534216.3355408389	554969.8795180722	534575.3244359668	557507.4652786839								-7.697049453712754	0.4657790577735732	1.0	1.0	1.0	1.0	1.0		Cyclo_GOE_gene_top_ranked_data.tsv.gz	534575.3244359668	102837.579198112	0.6060420797165065								
VTA1	Patient19	725	912	589910.4963384866	589147.2868217054	1229	1548	9.0	11.0	534216.3355408389	554969.8795180722	534575.3244359668	557507.4652786839								-8.020282644991266	0.4175111150994219	1.0	1.0	1.0	1.0	1.0		Cyclo_GOE_gene_top_ranked_data.tsv.gz	534575.3244359668	102837.579198112	0.538083182568106								
VTA1	Patient2	1009	937	790133.1245105717	863594.470046083	1277	1085	1.0	1.0	534216.3355408389	554969.8795180722	534575.3244359668	557507.4652786839								3.454361987239181	2.1310031210535048	1.0	1.0	1.0	1.0	1.0		Cyclo_GOE_gene_top_ranked_data.tsv.gz	534575.3244359668	102837.579198112	2.485062387381604								
VTA1	Patient22	754	1319	617526.6175266175	626305.7929724597	1221	2106	4.0	8.0	534216.3355408389	554969.8795180722	534575.3244359668	557507.4652786839								-6.764635034157055	0.6050151478967798	1.0	1.0	1.0	1.0	1.0		Cyclo_GOE_gene_top_ranked_data.tsv.gz	534575.3244359668	102837.579198112	0.8066243268022553								
VTA1	Patient31	673	1178	696687.370600414	634015.0699677072	966	1858	2.0	6.0	534216.3355408389	554969.8795180722	534575.3244359668	557507.4652786839								-3.454361987239181	1.0993334109205375	1.0	1.0	1.0	1.0	1.0		Cyclo_GOE_gene_top_ranked_data.tsv.gz	534575.3244359668	102837.579198112	1.576389170462148								
VTA1	Patient4	920	891	592020.592020592	614482.7586206896	1554	1450	8.0	9.0	534216.3355408389	554969.8795180722	534575.3244359668	557507.4652786839								-7.92228755661437	0.4321445792230021	1.0	1.0	1.0	1.0	1.0		Cyclo_GOE_gene_top_ranked_data.tsv.gz	534575.3244359668	102837.579198112	0.5586019044065538								
VTA1	Patient9	1124	909	652729.3844367014	608841.259209645	1722	1493	3.0	10.0	534216.3355408389	554969.8795180722	534575.3244359668	557507.4652786839								-5.243069476869878	0.8322283211591103	1.0	1.0	1.0	1.0	1.0		Cyclo_GOE_gene_top_ranked_data.tsv.gz	534575.3244359668	102837.579198112	1.1489385584730278								
novelGene_SRSF6_AS	Patient18	21	12	21255.06072874494	8651.766402307137	988	1387	2.0	7.0	4360.46511627907	4308.023694130317	5568.635320149852	5786.175889951817								-1.2985887274157697	0.901358245090724	1.0	1.0	1.0	1.0	1.0		Cyclo_GOE_gene_top_ranked_data.tsv.gz	5568.635320149852	5558.793013243623	2.821912125747936								
novelGene_SRSF6_AS	Patient27	21	11	22900.763358778622	7644.197359277276	917	1439	1.0	9.0	4360.46511627907	4308.023694130317	5568.635320149852	5786.175889951817								1.29858872741577	0.9853687567435716	1.0	1.0	1.0	1.0	1.0		Cyclo_GOE_gene_top_ranked_data.tsv.gz	5568.635320149852	5558.793013243623	3.1179660759692984								
novelGene_SRSF6_AS	Patient29	13	8	12452.107279693486	4308.023694130317	1044	1857	3.0	16.0	4360.46511627907	4308.023694130317	5568.635320149852	5786.175889951817								-10.609326526401707	0.6001851985962733	1.0	1.0	1.0	1.0	1.0		Cyclo_GOE_gene_top_ranked_data.tsv.gz	5568.635320149852	5558.793013243623	1.2383033408770592								
DND1_HARS1	Patient14	0	0	0.0	0.0	1161	1708	27.0	24.0	3584.229390681004	388.651379712398	4389.119136742791	2222.141521664957								0.0	1.5604302654287614	1.0	1.0	1.0	1.0	1.0		Noncyclo_LOE_gene_top_ranked_data.tsv.gz				2222.141521664957	3446.0561542880723	-0.6448361321390115					
DND1_HARS1	Patient16	5	0	3584.229390681004	0.0	1395	1271	16.0	24.0	3584.229390681004	388.651379712398	4389.119136742791	2222.141521664957								0.0	1.5604302654287614	1.0	1.0	1.0	1.0	1.0		Noncyclo_LOE_gene_top_ranked_data.tsv.gz				2222.141521664957	3446.0561542880723	-0.6448361321390115					
DND1_HARS1	Patient17	6	0	6153.846153846154	0.0	975	1227	8.0	24.0	3584.229390681004	388.651379712398	4389.119136742791	2222.141521664957								0.0	1.5604302654287614	1.0	1.0	1.0	1.0	1.0		Noncyclo_LOE_gene_top_ranked_data.tsv.gz				2222.141521664957	3446.0561542880723	-0.6448361321390115					
DND1_HARS1	Patient18	2	0	2024.2914979757088	0.0	988	1387	20.0	24.0	3584.229390681004	388.651379712398	4389.119136742791	2222.141521664957								0.0	1.5604302654287614	1.0	1.0	1.0	1.0	1.0		Noncyclo_LOE_gene_top_ranked_data.tsv.gz				2222.141521664957	3446.0561542880723	-0.6448361321390115					
DND1_HARS1	Patient21	7	0	4940.014114326041	0.0	1417	1328	10.0	24.0	3584.229390681004	388.651379712398	4389.119136742791	2222.141521664957								0.0	1.5604302654287614	1.0	1.0	1.0	1.0	1.0		Noncyclo_LOE_gene_top_ranked_data.tsv.gz				2222.141521664957	3446.0561542880723	-0.6448361321390115					
DND1_HARS1	Patient22	6	0	4914.004914004914	0.0	1221	2106	11.0	24.0	3584.229390681004	388.651379712398	4389.119136742791	2222.141521664957								0.0	1.5604302654287614	1.0	1.0	1.0	1.0	1.0		Noncyclo_LOE_gene_top_ranked_data.tsv.gz				2222.141521664957	3446.0561542880723	-0.6448361321390115					
DND1_HARS1	Patient24	7	0	6610.0094428706325	0.0	1059	1661	7.0	24.0	3584.229390681004	388.651379712398	4389.119136742791	2222.141521664957								0.0	1.5604302654287614	1.0	1.0	1.0	1.0	1.0		Noncyclo_LOE_gene_top_ranked_data.tsv.gz				2222.141521664957	3446.0561542880723	-0.6448361321390115					
DND1_HARS1	Patient25	4	0	2915.451895043732	0.0	1372	1946	18.0	24.0	3584.229390681004	388.651379712398	4389.119136742791	2222.141521664957								0.0	1.5604302654287614	1.0	1.0	1.0	1.0	1.0		Noncyclo_LOE_gene_top_ranked_data.tsv.gz				2222.141521664957	3446.0561542880723	-0.6448361321390115					
DND1_HARS1	Patient26	8	0	4733.727810650888	0.0	1690	1469	12.0	24.0	3584.229390681004	388.651379712398	4389.119136742791	2222.141521664957								0.0	1.5604302654287614	1.0	1.0	1.0	1.0	1.0		Noncyclo_LOE_gene_top_ranked_data.tsv.gz				2222.141521664957	3446.0561542880723	-0.6448361321390115					
DND1_HARS1	Patient28	15	0	10183.299389002035	0.0	1473	1202	4.0	24.0	3584.229390681004	388.651379712398	4389.119136742791	2222.141521664957								0.0	1.5604302654287614	1.0	1.0	1.0	1.0	1.0		Noncyclo_LOE_gene_top_ranked_data.tsv.gz				2222.141521664957	3446.0561542880723	-0.6448361321390115					
DND1_HARS1	Patient29	9	0	8620.689655172413	0.0	1044	1857	5.0	24.0	3584.229390681004	388.651379712398	4389.119136742791	2222.141521664957								0.0	1.5604302654287614	1.0	1.0	1.0	1.0	1.0		Noncyclo_LOE_gene_top_ranked_data.tsv.gz				2222.141521664957	3446.0561542880723	-0.6448361321390115					
DND1_HARS1	Patient30	12	0	7237.6357056694815	0.0	1658	1808	6.0	24.0	3584.229390681004	388.651379712398	4389.119136742791	2222.141521664957								0.0	1.5604302654287614	1.0	1.0	1.0	1.0	1.0		Noncyclo_LOE_gene_top_ranked_data.tsv.gz				2222.141521664957	3446.0561542880723	-0.6448361321390115					
DND1_HARS1	Patient31	10	0	10351.966873706004	0.0	966	1858	3.0	24.0	3584.229390681004	388.651379712398	4389.119136742791	2222.141521664957								0.0	1.5604302654287614	1.0	1.0	1.0	1.0	1.0		Noncyclo_LOE_gene_top_ranked_data.tsv.gz				2222.141521664957	3446.0561542880723	-0.6448361321390115					
DND1_HARS1	Patient4	8	0	5148.005148005148	0.0	1554	1450	9.0	24.0	3584.229390681004	388.651379712398	4389.119136742791	2222.141521664957								0.0	1.5604302654287614	1.0	1.0	1.0	1.0	1.0		Noncyclo_LOE_gene_top_ranked_data.tsv.gz				2222.141521664957	3446.0561542880723	-0.6448361321390115					
HARS1	Patient12	520	462	290340.59184812946	230538.92215568863	1791	2004	21.0	25.0	310319.7674418605	347138.5542168675	317227.10950330645	326306.0749468037								-33.4508575898046	0.7338775078264551	1.0	1.0	1.0	1.0	1.0	Charcot-Marie-Tooth disease, axonal, type 2W, 616625 (3), Autosomal dominant; Usher syndrome type 3B, 614504 (3), Autosomal recessive	Noncyclo_LOE_gene_top_ranked_data.tsv.gz				326306.0749468037	101959.16673329644	-0.9392696690197716					
HARS1	Patient13	548	488	247069.4319206492	195591.18236472944	2218	2495	26.0	29.0	310319.7674418605	347138.5542168675	317227.10950330645	326306.0749468037								-29.084127501544607	1.0303027914004772	1.0	1.0	1.0	1.0	1.0	Charcot-Marie-Tooth disease, axonal, type 2W, 616625 (3), Autosomal dominant; Usher syndrome type 3B, 614504 (3), Autosomal recessive	Noncyclo_LOE_gene_top_ranked_data.tsv.gz				326306.0749468037	101959.16673329644	-1.2820317855676155					
HARS1	Patient2	145	71	113547.37666405638	65437.78801843317	1277	1085	31.0	31.0	310319.7674418605	347138.5542168675	317227.10950330645	326306.0749468037								28.81518409337381	4.960662468177114	1.0	1.0	1.0	1.0	1.0	Charcot-Marie-Tooth disease, axonal, type 2W, 616625 (3), Autosomal dominant; Usher syndrome type 3B, 614504 (3), Autosomal recessive	Noncyclo_LOE_gene_top_ranked_data.tsv.gz				326306.0749468037	101959.16673329644	-2.558556481838917					
HARS1	Patient7	605	431	350521.436848204	252785.9237536657	1726	1705	9.0	24.0	310319.7674418605	347138.5542168675	317227.10950330645	326306.0749468037								-35.897905911450515	0.5677653419718759	1.0	1.0	1.0	1.0	1.0	Charcot-Marie-Tooth disease, axonal, type 2W, 616625 (3), Autosomal dominant; Usher syndrome type 3B, 614504 (3), Autosomal recessive	Noncyclo_LOE_gene_top_ranked_data.tsv.gz				326306.0749468037	101959.16673329644	-0.7210744609697637					
HARS1	Patient8	410	257	301692.4208977189	217981.3401187447	1359	1179	18.0	27.0	310319.7674418605	347138.5542168675	317227.10950330645	326306.0749468037								-31.963071397749275	0.8348724021670041	1.0	1.0	1.0	1.0	1.0	Charcot-Marie-Tooth disease, axonal, type 2W, 616625 (3), Autosomal dominant; Usher syndrome type 3B, 614504 (3), Autosomal recessive	Noncyclo_LOE_gene_top_ranked_data.tsv.gz				326306.0749468037	101959.16673329644	-1.062432523712297					
SRSF6	Patient19	74	31	60211.55410903173	20025.83979328165	1229	1548	23.0	28.0	126769.62676962678	67276.64155005381	138239.81160383418	108178.14236289564								-33.627616858131056	1.034814554976909	1.0	1.0	1.0	1.0	1.0		Noncyclo_LOE_gene_top_ranked_data.tsv.gz				108178.14236289564	112904.70241676932	-0.7807673257417934					
SRSF6	Patient23	27	18	40601.503759398496	15530.629853321829	665	1159	28.0	30.0	126769.62676962678	67276.64155005381	138239.81160383418	108178.14236289564								-27.73952417406284	1.2526196893370576	1.0	1.0	1.0	1.0	1.0		Noncyclo_LOE_gene_top_ranked_data.tsv.gz				108178.14236289564	112904.70241676932	-0.8205815216409729					
SRSF6	Patient27	92	45	100327.15376226828	31271.716469770672	917	1439	20.0	23.0	126769.62676962678	67276.64155005381	138239.81160383418	108178.14236289564								-43.95104673940651	0.6529428432029638	1.0	1.0	1.0	1.0	1.0		Noncyclo_LOE_gene_top_ranked_data.tsv.gz				108178.14236289564	112904.70241676932	-0.6811622921535846					
VTA1	Patient11	810	640	592538.405267008	287511.2309074573	1367	2226	7.0	31.0	534216.3355408389	554969.8795180722	534575.3244359668	557507.4652786839								11.253306302897812	4.397225010718253	1.0	1.0	1.0	1.0	1.0		Noncyclo_LOE_gene_top_ranked_data.tsv.gz				557507.4652786839	103157.38099456528	-2.6173234699071224					
VTA1	Patient15	613	1275	445494.1860465116	495530.5091333074	1376	2573	27.0	24.0	534216.3355408389	554969.8795180722	534575.3244359668	557507.4652786839								-15.001579699816787	0.5143721441938011	1.0	1.0	1.0	1.0	1.0		Noncyclo_LOE_gene_top_ranked_data.tsv.gz				557507.4652786839	103157.38099456528	-0.6008000159352799					
VTA1	Patient20	1110	862	587923.7288135594	495972.3820483314	1888	1738	10.0	23.0	534216.3355408389	554969.8795180722	534575.3244359668	557507.4652786839								-15.026142558703684	0.5107395263630039	1.0	1.0	1.0	1.0	1.0		Noncyclo_LOE_gene_top_ranked_data.tsv.gz				557507.4652786839	103157.38099456528	-0.5965165326715148					
VTA1	Patient3	999	1000	502767.99194765976	495294.7003467063	1987	2019	21.0	25.0	534216.3355408389	554969.8795180722	534575.3244359668	557507.4652786839								-14.988462581652929	0.5163120436798556	1.0	1.0	1.0	1.0	1.0		Noncyclo_LOE_gene_top_ranked_data.tsv.gz				557507.4652786839	103157.38099456528	-0.6030859288222451					
VTA1	Patient5	676	862	423558.8972431078	432513.79829402914	1596	1993	30.0	30.0	534216.3355408389	554969.8795180722	534575.3244359668	557507.4652786839								-11.253306302897814	1.0687068345915955	1.0	1.0	1.0	1.0	1.0		Noncyclo_LOE_gene_top_ranked_data.tsv.gz				557507.4652786839	103157.38099456528	-1.2116793367528391					
novelGene_SRSF6_AS	Patient1	0	0	0.0	0.0	1902	1717	31.0	31.0	4360.46511627907	4308.023694130317	5568.635320149852	5786.175889951817								111.28182670200547	5.314824765697149	1.0	1.0	1.0	1.0	1.0		Noncyclo_LOE_gene_top_ranked_data.tsv.gz				5786.175889951817	4322.93193866539	-1.3384841519707509					
novelGene_SRSF6_AS	Patient10	3	2	2152.080344332855	917.4311926605506	1394	2180	21.0	29.0	4360.46511627907	4308.023694130317	5568.635320149852	5786.175889951817								-119.1778353332762	0.5586566126793577	1.0	1.0	1.0	1.0	1.0		Noncyclo_LOE_gene_top_ranked_data.tsv.gz				5786.175889951817	4322.93193866539	-1.1262598547397868					
novelGene_SRSF6_AS	Patient6	2	1	1248.4394506866415	583.4305717619603	1602	1714	25.0	30.0	4360.46511627907	4308.023694130317	5568.635320149852	5786.175889951817								-111.28182670200547	0.7216124395531042	1.0	1.0	1.0	1.0	1.0		Noncyclo_LOE_gene_top_ranked_data.tsv.gz				5786.175889951817	4322.93193866539	-1.2035223760187377					
DND1_HARS1	Patient10	0	17	0.0	7798.165137614679	1394	2180	27.0	3.0	3584.229390681004	388.651379712398	4389.119136742791	2222.141521664957								-5.381538190074283	1.412800789601638	1.0	1.0	1.0	1.0	1.0		Noncyclo_GOE_gene_top_ranked_data.tsv.gz				2222.141521664957	3446.0561542880723	1.6180884368385122					
DND1_HARS1	Patient12	0	10	0.0	4990.0199600798405	1791	2004	27.0	7.0	3584.229390681004	388.651379712398	4389.119136742791	2222.141521664957								-10.286839847120248	1.321604874251416	1.0	1.0	1.0	1.0	1.0		Noncyclo_GOE_gene_top_ranked_data.tsv.gz				2222.141521664957	3446.0561542880723	0.803201780380362					
DND1_HARS1	Patient13	0	25	0.0	10020.04008016032	2218	2495	27.0	2.0	3584.229390681004	388.651379712398	4389.119136742791	2222.141521664957								-2.626883336461942	1.464013393517295	1.0	1.0	1.0	1.0	1.0		Noncyclo_GOE_gene_top_ranked_data.tsv.gz				2222.141521664957	3446.0561542880723	2.2628472112365645					
DND1_HARS1	Patient6	0	13	0.0	7584.597432905484	1602	1714	27.0	4.0	3584.229390681004	388.651379712398	4389.119136742791	2222.141521664957								-5.686655724795199	1.4071282591817589	1.0	1.0	1.0	1.0	1.0		Noncyclo_GOE_gene_top_ranked_data.tsv.gz				2222.141521664957	3446.0561542880723	1.5561139085234577					
DND1_HARS1	Patient7	0	8	0.0	4692.08211143695	1726	1705	27.0	8.0	3584.229390681004	388.651379712398	4389.119136742791	2222.141521664957								-10.96323094779111	1.3090298870491874	1.0	1.0	1.0	1.0	1.0		Noncyclo_GOE_gene_top_ranked_data.tsv.gz				2222.141521664957	3446.0561542880723	0.7167441501783255					
DND1_HARS1	Patient8	0	7	0.0	5937.234944868533	1359	1179	27.0	5.0	3584.229390681004	388.651379712398	4389.119136742791	2222.141521664957								-8.377235386376361	1.3571068961310002	1.0	1.0	1.0	1.0	1.0		Noncyclo_GOE_gene_top_ranked_data.tsv.gz				2222.141521664957	3446.0561542880723	1.0780710635201718					
DND1_HARS1	Patient9	1	19	580.7200929152149	12726.054922973875	1722	1493	21.0	1.0	3584.229390681004	388.651379712398	4389.119136742791	2222.141521664957								2.626883336461942	1.5616877251428691	1.0	1.0	1.0	1.0	1.0		Noncyclo_GOE_gene_top_ranked_data.tsv.gz				2222.141521664957	3446.0561542880723	3.0480969929170945					
HARS1	Patient1	573	643	301261.8296529968	374490.39021549217	1902	1717	19.0	11.0	310319.7674418605	347138.5542168675	317227.10950330645	326306.0749468037								-8.118346400832827	0.3201627661207039	1.0	1.0	1.0	1.0	1.0	Charcot-Marie-Tooth disease, axonal, type 2W, 616625 (3), Autosomal dominant; Usher syndrome type 3B, 614504 (3), Autosomal recessive	Noncyclo_GOE_gene_top_ranked_data.tsv.gz				326306.0749468037	101959.16673329644	0.4725844356371452					
HARS1	Patient17	401	543	411282.0512820513	442542.7872860636	975	1227	4.0	5.0	310319.7674418605	347138.5542168675	317227.10950330645	326306.0749468037								-3.7026018794798152	0.7323562888128714	1.0	1.0	1.0	1.0	1.0	Charcot-Marie-Tooth disease, axonal, type 2W, 616625 (3), Autosomal dominant; Usher syndrome type 3B, 614504 (3), Autosomal recessive	Noncyclo_GOE_gene_top_ranked_data.tsv.gz				326306.0749468037	101959.16673329644	1.140031995782297					
HARS1	Patient18	325	594	328947.36842105264	428262.4369142033	988	1387	13.0	6.0	310319.7674418605	347138.5542168675	317227.10950330645	326306.0749468037								-4.570062360739394	0.6513820409057326	1.0	1.0	1.0	1.0	1.0	Charcot-Marie-Tooth disease, axonal, type 2W, 616625 (3), Autosomal dominant; Usher syndrome type 3B, 614504 (3), Autosomal recessive	Noncyclo_GOE_gene_top_ranked_data.tsv.gz				326306.0749468037	101959.16673329644	0.9999724912826704					
HARS1	Patient20	715	781	378707.6271186441	449367.08860759495	1888	1738	6.0	4.0	310319.7674418605	347138.5542168675	317227.10950330645	326306.0749468037								-3.2978968082879194	0.7701340198702963	1.0	1.0	1.0	1.0	1.0	Charcot-Marie-Tooth disease, axonal, type 2W, 616625 (3), Autosomal dominant; Usher syndrome type 3B, 614504 (3), Autosomal recessive	Noncyclo_GOE_gene_top_ranked_data.tsv.gz				326306.0749468037	101959.16673329644	1.206963705212429					
HARS1	Patient23	495	545	744360.9022556391	470232.9594477998	665	1159	1.0	3.0	310319.7674418605	347138.5542168675	317227.10950330645	326306.0749468037								-2.097554660404605	0.8821815479778112	1.0	1.0	1.0	1.0	1.0	Charcot-Marie-Tooth disease, axonal, type 2W, 616625 (3), Autosomal dominant; Usher syndrome type 3B, 614504 (3), Autosomal recessive	Noncyclo_GOE_gene_top_ranked_data.tsv.gz				326306.0749468037	101959.16673329644	1.4116129928511314					
HARS1	Patient24	475	805	448536.35505193577	484647.8025285973	1059	1661	3.0	2.0	310319.7674418605	347138.5542168675	317227.10950330645	326306.0749468037								-1.2990328505737454	0.956720624264737	1.0	1.0	1.0	1.0	1.0	Charcot-Marie-Tooth disease, axonal, type 2W, 616625 (3), Autosomal dominant; Usher syndrome type 3B, 614504 (3), Autosomal recessive	Noncyclo_GOE_gene_top_ranked_data.tsv.gz				326306.0749468037	101959.16673329644	1.5529915813845552					
SRSF6	Patient11	299	1145	218727.139722019	514375.5615453728	1367	2226	7.0	1.0	126769.62676962678	67276.64155005381	138239.81160383418	108178.14236289564								9.377068587583716	2.2866401533291647	1.0	1.0	1.0	1.0	1.0		Noncyclo_GOE_gene_top_ranked_data.tsv.gz				108178.14236289564	112904.70241676932	3.597701517188057					
SRSF6	Patient15	324	294	235465.1162790697	114263.505635445	1376	2573	5.0	11.0	126769.62676962678	67276.64155005381	138239.81160383418	108178.14236289564								-34.61353591452695	0.5481547304712864	1.0	1.0	1.0	1.0	1.0		Noncyclo_GOE_gene_top_ranked_data.tsv.gz				108178.14236289564	112904.70241676932	0.0538982269320035					
SRSF6	Patient25	341	346	248542.2740524781	177800.61664953752	1372	1946	3.0	6.0	126769.62676962678	67276.64155005381	138239.81160383418	108178.14236289564								-24.44067235033819	0.950180917999936	1.0	1.0	1.0	1.0	1.0		Noncyclo_GOE_gene_top_ranked_data.tsv.gz				108178.14236289564	112904.70241676932	0.6166481359619713					
SRSF6	Patient5	354	682	221804.51127819548	342197.69192172604	1596	1993	6.0	2.0	126769.62676962678	67276.64155005381	138239.81160383418	108178.14236289564								-9.377068587583716	1.5454865714150705	1.0	1.0	1.0	1.0	1.0		Noncyclo_GOE_gene_top_ranked_data.tsv.gz				108178.14236289564	112904.70241676932	2.0727174736707186					
VTA1	Patient2	1009	937	790133.1245105717	863594.470046083	1277	1085	1.0	1.0	534216.3355408389	554969.8795180722	534575.3244359668	557507.4652786839								5.816577384366638	3.090144554617018	1.0	1.0	1.0	1.0	1.0		Noncyclo_GOE_gene_top_ranked_data.tsv.gz				557507.4652786839	103157.38099456528	2.967184721212773					
VTA1	Patient22	754	1319	617526.6175266175	626305.7929724597	1221	2106	4.0	8.0	534216.3355408389	554969.8795180722	534575.3244359668	557507.4652786839								-8.841036493481974	0.592356147508487	1.0	1.0	1.0	1.0	1.0		Noncyclo_GOE_gene_top_ranked_data.tsv.gz				557507.4652786839	103157.38099456528	0.6669258857725393					
VTA1	Patient28	851	786	577732.5186693822	653910.1497504159	1473	1202	12.0	4.0	534216.3355408389	554969.8795180722	534575.3244359668	557507.4652786839								-7.654087657480329	0.7946228375102179	1.0	1.0	1.0	1.0	1.0		Noncyclo_GOE_gene_top_ranked_data.tsv.gz				557507.4652786839	103157.38099456528	0.9345204729151748					
VTA1	Patient30	705	1148	425211.09770808206	634955.7522123894	1658	1808	29.0	5.0	534216.3355408389	554969.8795180722	534575.3244359668	557507.4652786839								-8.46356341381547	0.6566809339467103	1.0	1.0	1.0	1.0	1.0		Noncyclo_GOE_gene_top_ranked_data.tsv.gz				557507.4652786839	103157.38099456528	0.7507779490619844					
VTA1	Patient31	673	1178	696687.370600414	634015.0699677072	966	1858	2.0	6.0	534216.3355408389	554969.8795180722	534575.3244359668	557507.4652786839								-8.504363554741964	0.649728225281857	1.0	1.0	1.0	1.0	1.0		Noncyclo_GOE_gene_top_ranked_data.tsv.gz				557507.4652786839	103157.38099456528	0.7416590451540636					
novelGene_SRSF6_AS	Patient19	6	22	4882.017900732303	14211.886304909562	1229	1548	12.0	2.0	4360.46511627907	4308.023694130317	5568.635320149852	5786.175889951817								-3.818399747838012	0.6939742832070499	1.0	1.0	1.0	1.0	1.0		Noncyclo_GOE_gene_top_ranked_data.tsv.gz				5786.175889951817	4322.93193866539	1.949073113919762					
novelGene_SRSF6_AS	Patient21	4	8	2822.865208186309	6024.096385542169	1417	1328	19.0	13.0	4360.46511627907	4308.023694130317	5568.635320149852	5786.175889951817								-18.753130976888794	0.2001357630736469	1.0	1.0	1.0	1.0	1.0		Noncyclo_GOE_gene_top_ranked_data.tsv.gz				5786.175889951817	4322.93193866539	0.0550368358711204					
novelGene_SRSF6_AS	Patient26	18	26	10650.887573964495	17699.115044247785	1690	1469	4.0	1.0	4360.46511627907	4308.023694130317	5568.635320149852	5786.175889951817								3.818399747838012	0.946496119968612	1.0	1.0	1.0	1.0	1.0		Noncyclo_GOE_gene_top_ranked_data.tsv.gz				5786.175889951817	4322.93193866539	2.755754502573507					
novelGene_SRSF6_AS	Patient27	21	11	22900.763358778622	7644.197359277276	917	1439	1.0	9.0	4360.46511627907	4308.023694130317	5568.635320149852	5786.175889951817								-14.608928234990575	0.3371698293587408	1.0	1.0	1.0	1.0	1.0		Noncyclo_GOE_gene_top_ranked_data.tsv.gz				5786.175889951817	4322.93193866539	0.4298058576187257					
DND1_HARS1	Patient1	5	0	2628.811777076761	0.0	1902	1717	19.0	24.0	3584.229390681004	388.651379712398	4389.119136742791	2222.141521664957								129.07273160948398	1.1747971748754695	1.0	1.0	1.0	1.0	1.0		NMD_gene_top_ranked_data.tsv.gz							0.0026288117770767	0.0	1.0	0.0	1.0
DND1_HARS1	Patient16	5	0	3584.229390681004	0.0	1395	1271	16.0	24.0	3584.229390681004	388.651379712398	4389.119136742791	2222.141521664957								139.43006566323675	1.3069401437641468	1.0	1.0	1.0	1.0	1.0		NMD_gene_top_ranked_data.tsv.gz							0.003584229390681	0.0	1.0	0.0	1.0
DND1_HARS1	Patient17	6	0	6153.846153846154	0.0	975	1227	8.0	24.0	3584.229390681004	388.651379712398	4389.119136742791	2222.141521664957								158.44828476692578	1.5495821134345418	1.0	1.0	1.0	1.0	1.0		NMD_gene_top_ranked_data.tsv.gz							0.0061538461538461	0.0	1.0	0.0	1.0
DND1_HARS1	Patient21	7	0	4940.014114326041	0.0	1417	1328	10.0	24.0	3584.229390681004	388.651379712398	4389.119136742791	2222.141521664957								150.57099726645413	1.4490805604577086	1.0	1.0	1.0	1.0	1.0		NMD_gene_top_ranked_data.tsv.gz							0.004940014114326	0.0	1.0	0.0	1.0
DND1_HARS1	Patient22	6	0	4914.004914004914	0.0	1221	2106	11.0	24.0	3584.229390681004	388.651379712398	4389.119136742791	2222.141521664957								150.3842075949014	1.4466974238678665	1.0	1.0	1.0	1.0	1.0		NMD_gene_top_ranked_data.tsv.gz							0.0049140049140049	0.0	1.0	0.0	1.0
DND1_HARS1	Patient24	7	0	6610.0094428706325	0.0	1059	1661	7.0	24.0	3584.229390681004	388.651379712398	4389.119136742791	2222.141521664957								161.0554899995605	1.5828458701266044	1.0	1.0	1.0	1.0	1.0		NMD_gene_top_ranked_data.tsv.gz							0.0066100094428706	0.0	1.0	0.0	1.0
DND1_HARS1	Patient25	4	0	2915.451895043732	0.0	1372	1946	18.0	24.0	3584.229390681004	388.651379712398	4389.119136742791	2222.141521664957								132.48575964291555	1.2183419379290972	1.0	1.0	1.0	1.0	1.0		NMD_gene_top_ranked_data.tsv.gz							0.0029154518950437	0.0	1.0	0.0	1.0
DND1_HARS1	Patient26	8	0	4733.727810650888	0.0	1690	1469	12.0	24.0	3584.229390681004	388.651379712398	4389.119136742791	2222.141521664957								149.0650068755628	1.429866538747354	1.0	1.0	1.0	1.0	1.0		NMD_gene_top_ranked_data.tsv.gz							0.0047337278106508	0.0	1.0	0.0	1.0
DND1_HARS1	Patient28	15	0	10183.299389002035	0.0	1473	1202	4.0	24.0	3584.229390681004	388.651379712398	4389.119136742791	2222.141521664957								177.26605609381355	1.789666691000348	1.0	1.0	1.0	1.0	1.0		NMD_gene_top_ranked_data.tsv.gz							0.010183299389002	0.0	1.0	0.0	1.0
DND1_HARS1	Patient29	9	0	8620.689655172413	0.0	1044	1857	5.0	24.0	3584.229390681004	388.651379712398	4389.119136742791	2222.141521664957								170.92525517937543	1.708768242266593	1.0	1.0	1.0	1.0	1.0		NMD_gene_top_ranked_data.tsv.gz							0.0086206896551724	0.0	1.0	0.0	1.0
DND1_HARS1	Patient30	12	0	7237.6357056694815	0.0	1658	1808	6.0	24.0	3584.229390681004	388.651379712398	4389.119136742791	2222.141521664957								164.3934712378669	1.625433156452924	1.0	1.0	1.0	1.0	1.0		NMD_gene_top_ranked_data.tsv.gz							0.0072376357056694	0.0	1.0	0.0	1.0
DND1_HARS1	Patient31	10	0	10351.966873706004	0.0	966	1858	3.0	24.0	3584.229390681004	388.651379712398	4389.119136742791	2222.141521664957								177.89761080587667	1.7977243160836498	1.0	1.0	1.0	1.0	1.0		NMD_gene_top_ranked_data.tsv.gz							0.010351966873706	0.0	1.0	0.0	1.0
DND1_HARS1	Patient4	8	0	5148.005148005148	0.0	1554	1450	9.0	24.0	3584.229390681004	388.651379712398	4389.119136742791	2222.141521664957								152.03427783519413	1.467749673345919	1.0	1.0	1.0	1.0	1.0		NMD_gene_top_ranked_data.tsv.gz							0.0051480051480051	0.0	1.0	0.0	1.0
HARS1	Patient13	548	488	247069.4319206492	195591.18236472944	2218	2495	26.0	29.0	310319.7674418605	347138.5542168675	317227.10950330645	326306.0749468037								6.0385292077963415	0.940988371716492	1.0	1.0	1.0	1.0	1.0	Charcot-Marie-Tooth disease, axonal, type 2W, 616625 (3), Autosomal dominant; Usher syndrome type 3B, 614504 (3), Autosomal recessive	NMD_gene_top_ranked_data.tsv.gz							0.2470694319206492	0.1955911823647294	0.5581464082127852	0.4418535917872148	0.1162928164255703
HARS1	Patient2	145	71	113547.37666405638	65437.78801843317	1277	1085	31.0	31.0	310319.7674418605	347138.5542168675	317227.10950330645	326306.0749468037								13.351900450987404	1.7934610292615525	1.0	1.0	1.0	1.0	1.0	Charcot-Marie-Tooth disease, axonal, type 2W, 616625 (3), Autosomal dominant; Usher syndrome type 3B, 614504 (3), Autosomal recessive	NMD_gene_top_ranked_data.tsv.gz							0.1135473766640563	0.0654377880184331	0.6343954643698184	0.3656045356301816	0.2687909287396368
HARS1	Patient23	495	545	744360.9022556391	470232.9594477998	665	1159	1.0	3.0	310319.7674418605	347138.5542168675	317227.10950330645	326306.0749468037								12.92493857898591	1.7436928293996354	1.0	1.0	1.0	1.0	1.0	Charcot-Marie-Tooth disease, axonal, type 2W, 616625 (3), Autosomal dominant; Usher syndrome type 3B, 614504 (3), Autosomal recessive	NMD_gene_top_ranked_data.tsv.gz							0.7443609022556391	0.4702329594477998	0.6128475745889994	0.3871524254110006	0.2256951491779988
HARS1	Patient6	657	531	410112.3595505618	309801.6336056009	1602	1714	5.0	18.0	310319.7674418605	347138.5542168675	317227.10950330645	326306.0749468037								7.54540408776589	1.1166350865898145	1.0	1.0	1.0	1.0	1.0	Charcot-Marie-Tooth disease, axonal, type 2W, 616625 (3), Autosomal dominant; Usher syndrome type 3B, 614504 (3), Autosomal recessive	NMD_gene_top_ranked_data.tsv.gz							0.4101123595505618	0.3098016336056009	0.5696685485339648	0.4303314514660353	0.1393370970679294
HARS1	Patient7	605	431	350521.436848204	252785.9237536657	1726	1705	9.0	24.0	310319.7674418605	347138.5542168675	317227.10950330645	326306.0749468037								8.6861947038869	1.2496097129131476	1.0	1.0	1.0	1.0	1.0	Charcot-Marie-Tooth disease, axonal, type 2W, 616625 (3), Autosomal dominant; Usher syndrome type 3B, 614504 (3), Autosomal recessive	NMD_gene_top_ranked_data.tsv.gz							0.3505214368482039	0.2527859237536657	0.5809997685069146	0.4190002314930853	0.1619995370138292
HARS1	Patient8	410	257	301692.4208977189	217981.3401187447	1359	1179	18.0	27.0	310319.7674418605	347138.5542168675	317227.10950330645	326306.0749468037								8.534749278544616	1.2319566935433497	1.0	1.0	1.0	1.0	1.0	Charcot-Marie-Tooth disease, axonal, type 2W, 616625 (3), Autosomal dominant; Usher syndrome type 3B, 614504 (3), Autosomal recessive	NMD_gene_top_ranked_data.tsv.gz							0.3016924208977189	0.2179813401187447	0.5805419544516143	0.4194580455483856	0.1610839089032286
SRSF6	Patient14	121	44	104220.49956933675	25761.124121779856	1161	1708	18.0	24.0	126769.62676962678	67276.64155005381	138239.81160383418	108178.14236289564								33.61081529441673	1.3040948779804735	1.0	1.0	1.0	1.0	1.0		NMD_gene_top_ranked_data.tsv.gz							0.1042204995693367	0.0257611241217798	0.8018094912939568	0.198190508706043	0.6036189825879139
SRSF6	Patient15	324	294	235465.1162790697	114263.505635445	1376	2573	5.0	11.0	126769.62676962678	67276.64155005381	138239.81160383418	108178.14236289564								18.61504483307982	0.3842022572428771	1.0	1.0	1.0	1.0	1.0		NMD_gene_top_ranked_data.tsv.gz							0.2354651162790697	0.114263505635445	0.6732795130980879	0.3267204869019121	0.3465590261961757
SRSF6	Patient19	74	31	60211.55410903173	20025.83979328165	1229	1548	23.0	28.0	126769.62676962678	67276.64155005381	138239.81160383418	108178.14236289564								25.216004112923507	0.7891280159408546	1.0	1.0	1.0	1.0	1.0		NMD_gene_top_ranked_data.tsv.gz							0.0602115541090317	0.0200258397932816	0.7504176192753406	0.2495823807246595	0.500835238550681
SRSF6	Patient3	371	172	186713.63865123305	85190.68845963349	1987	2019	9.0	13.0	126769.62676962678	67276.64155005381	138239.81160383418	108178.14236289564								19.822750468461788	0.4582871136945967	1.0	1.0	1.0	1.0	1.0		NMD_gene_top_ranked_data.tsv.gz							0.186713638651233	0.0851906884596334	0.6866887358328145	0.3133112641671853	0.3733774716656292
VTA1	Patient11	810	640	592538.405267008	287511.2309074573	1367	2226	7.0	31.0	534216.3355408389	554969.8795180722	534575.3244359668	557507.4652786839								20.006664259230558	3.1790302679630904	1.0	1.0	1.0	1.0	1.0		NMD_gene_top_ranked_data.tsv.gz							0.5925384052670081	0.2875112309074573	0.6733011195172408	0.3266988804827591	0.3466022390344817
novelGene_SRSF6_AS	Patient10	3	2	2152.080344332855	917.4311926605506	1394	2180	21.0	29.0	4360.46511627907	4308.023694130317	5568.635320149852	5786.175889951817								13.610296714363452	1.1412381017877684	1.0	1.0	1.0	1.0	1.0		NMD_gene_top_ranked_data.tsv.gz							0.0021520803443328	0.0009174311926605	0.701114922813036	0.298885077186964	0.402229845626072
novelGene_SRSF6_AS	Patient18	21	12	21255.06072874494	8651.766402307137	988	1387	2.0	7.0	4360.46511627907	4308.023694130317	5568.635320149852	5786.175889951817								18.640061519099152	1.484836503019395	1.0	1.0	1.0	1.0	1.0		NMD_gene_top_ranked_data.tsv.gz							0.0212550607287449	0.0086517664023071	0.7107093184979137	0.2892906815020862	0.4214186369958275
novelGene_SRSF6_AS	Patient27	21	11	22900.763358778622	7644.197359277276	917	1439	1.0	9.0	4360.46511627907	4308.023694130317	5568.635320149852	5786.175889951817								22.924541324072173	1.777522238485962	1.0	1.0	1.0	1.0	1.0		NMD_gene_top_ranked_data.tsv.gz							0.0229007633587786	0.0076441973592772	0.7497394928794721	0.2502605071205279	0.4994789857589441
