associated_gene	Sample	cyclo_count	noncyclo_count	Cyclo_TPM	Noncyclo_TPM	total_cyclo	total_noncyclo	H0_cyclo_count	H1_cyclo_count	H2_cyclo_count	H0_noncyclo_count	H1_noncyclo_count	H2_noncyclo_count	Cyclo_TPM_Rank	Noncyclo_TPM_Rank	Cyclo_TPM_Median	Noncyclo_TPM_Median	Cyclo_TPM_Mean	Noncyclo_TPM_Mean	CycloHaplotypeDifference	test_statistic	z_score_of_test_stat	rank_top_99_9_percentile	rank_top_99_5_percentile	rank_top_99_percentile	rank_top_98_percentile	rank_top_95_percentile	Phenotypes
DND1_HARS1	Patient1	5	0	2628.8117770767612	0.0	1902	1717	0	2	3	0	0	0	19.0	24.0	3584.2293906810037	388.65137971239795	4389.119136742791	2222.141521664957	-0.2	0.0	0.0						
DND1_HARS1	Patient10	0	17	0.0	7798.165137614679	1394	2180	0	0	0	6	5	6	27.0	3.0	3584.2293906810037	388.65137971239795	4389.119136742791	2222.141521664957		0.0	0.0						
DND1_HARS1	Patient11	0	5	0.0	2246.1814914645106	1367	2226	0	0	0	2	0	3	27.0	10.0	3584.2293906810037	388.65137971239795	4389.119136742791	2222.141521664957		0.0	0.0						
DND1_HARS1	Patient12	0	10	0.0	4990.0199600798405	1791	2004	0	0	0	6	2	2	27.0	7.0	3584.2293906810037	388.65137971239795	4389.119136742791	2222.141521664957		0.0	0.0						
DND1_HARS1	Patient13	0	25	0.0	10020.040080160321	2218	2495	0	0	0	9	8	8	27.0	2.0	3584.2293906810037	388.65137971239795	4389.119136742791	2222.141521664957		0.0	0.0						
DND1_HARS1	Patient14	0	0	0.0	0.0	1161	1708	0	0	0	0	0	0	27.0	24.0	3584.2293906810037	388.65137971239795	4389.119136742791	2222.141521664957		0.0	0.0						
DND1_HARS1	Patient15	6	1	4360.46511627907	388.65137971239795	1376	2573	4	2	0	0	1	0	14.0	16.0	3584.2293906810037	388.65137971239795	4389.119136742791	2222.141521664957	1.0	0.0	0.0						
DND1_HARS1	Patient16	5	0	3584.2293906810037	0.0	1395	1271	1	4	0	0	0	0	16.0	24.0	3584.2293906810037	388.65137971239795	4389.119136742791	2222.141521664957	1.0	0.0	0.0						
DND1_HARS1	Patient17	6	0	6153.846153846154	0.0	975	1227	2	2	2	0	0	0	8.0	24.0	3584.2293906810037	388.65137971239795	4389.119136742791	2222.141521664957	0.0	0.0	0.0						
DND1_HARS1	Patient18	2	0	2024.2914979757086	0.0	988	1387	1	1	0	0	0	0	20.0	24.0	3584.2293906810037	388.65137971239795	4389.119136742791	2222.141521664957	1.0	0.0	0.0						
DND1_HARS1	Patient19	5	1	4068.3482506102523	645.9948320413437	1229	1548	1	3	1	0	1	0	15.0	14.0	3584.2293906810037	388.65137971239795	4389.119136742791	2222.141521664957	0.5	0.0	0.0						
DND1_HARS1	Patient2	32	6	25058.731401722787	5529.9539170506905	1277	1085	11	10	11	1	1	4	1.0	6.0	3584.2293906810037	388.65137971239795	4389.119136742791	2222.141521664957	-0.047619047619047616	0.55137148047372	1.820032632105944						
DND1_HARS1	Patient20	1	1	529.6610169491526	575.3739930955121	1888	1738	0	0	1	0	0	1	22.0	15.0	3584.2293906810037	388.65137971239795	4389.119136742791	2222.141521664957	-1.0	0.0	0.0						
DND1_HARS1	Patient21	7	0	4940.014114326041	0.0	1417	1328	3	2	2	0	0	0	10.0	24.0	3584.2293906810037	388.65137971239795	4389.119136742791	2222.141521664957	0.0	0.0	0.0						
DND1_HARS1	Patient22	6	0	4914.004914004914	0.0	1221	2106	1	1	4	0	0	0	11.0	24.0	3584.2293906810037	388.65137971239795	4389.119136742791	2222.141521664957	-0.6	0.0	0.0						
DND1_HARS1	Patient23	9	1	13533.834586466164	862.8127696289905	665	1159	3	3	3	0	0	1	2.0	13.0	3584.2293906810037	388.65137971239795	4389.119136742791	2222.141521664957	0.0	0.0	0.0						
DND1_HARS1	Patient24	7	0	6610.0094428706325	0.0	1059	1661	2	2	3	0	0	0	7.0	24.0	3584.2293906810037	388.65137971239795	4389.119136742791	2222.141521664957	-0.2	0.0	0.0						
DND1_HARS1	Patient25	4	0	2915.451895043732	0.0	1372	1946	2	1	1	0	0	0	18.0	24.0	3584.2293906810037	388.65137971239795	4389.119136742791	2222.141521664957	0.0	0.0	0.0						
DND1_HARS1	Patient26	8	0	4733.7278106508875	0.0	1690	1469	4	2	2	0	0	0	12.0	24.0	3584.2293906810037	388.65137971239795	4389.119136742791	2222.141521664957	0.0	0.0	0.0						
DND1_HARS1	Patient27	4	2	4362.0501635768815	1389.854065323141	917	1439	2	1	1	2	0	0	13.0	11.0	3584.2293906810037	388.65137971239795	4389.119136742791	2222.141521664957	0.0	0.0	0.0						
DND1_HARS1	Patient28	15	0	10183.299389002037	0.0	1473	1202	5	4	6	0	0	0	4.0	24.0	3584.2293906810037	388.65137971239795	4389.119136742791	2222.141521664957	-0.2	1.6125530151888579	5.322906992075444	1.0	1.0	1.0	1.0	1.0	
DND1_HARS1	Patient29	9	0	8620.689655172413	0.0	1044	1857	2	5	2	0	0	0	5.0	24.0	3584.2293906810037	388.65137971239795	4389.119136742791	2222.141521664957	0.42857142857142855	0.0	0.0						
DND1_HARS1	Patient3	7	2	3522.8988424760946	990.5894006934126	1987	2019	3	0	4	2	0	0	17.0	12.0	3584.2293906810037	388.65137971239795	4389.119136742791	2222.141521664957	-1.0	0.0	0.0						
DND1_HARS1	Patient30	12	0	7237.6357056694815	0.0	1658	1808	5	4	3	0	0	0	6.0	24.0	3584.2293906810037	388.65137971239795	4389.119136742791	2222.141521664957	0.14285714285714285	0.0	0.0						
DND1_HARS1	Patient31	10	0	10351.966873706004	0.0	966	1858	2	2	6	0	0	0	3.0	24.0	3584.2293906810037	388.65137971239795	4389.119136742791	2222.141521664957	-0.5	0.0	0.0						
DND1_HARS1	Patient4	8	0	5148.005148005148	0.0	1554	1450	3	4	1	0	0	0	9.0	24.0	3584.2293906810037	388.65137971239795	4389.119136742791	2222.141521664957	0.6	0.0	0.0						
DND1_HARS1	Patient5	0	5	0.0	2508.7807325639737	1596	1993	0	0	0	0	3	2	27.0	9.0	3584.2293906810037	388.65137971239795	4389.119136742791	2222.141521664957		0.0	0.0						
DND1_HARS1	Patient6	0	13	0.0	7584.597432905484	1602	1714	0	0	0	7	3	3	27.0	4.0	3584.2293906810037	388.65137971239795	4389.119136742791	2222.141521664957		0.0	0.0						
DND1_HARS1	Patient7	0	8	0.0	4692.08211143695	1726	1705	0	0	0	3	1	4	27.0	8.0	3584.2293906810037	388.65137971239795	4389.119136742791	2222.141521664957		0.0	0.0						
DND1_HARS1	Patient8	0	7	0.0	5937.234944868533	1359	1179	0	0	0	4	3	0	27.0	5.0	3584.2293906810037	388.65137971239795	4389.119136742791	2222.141521664957		0.0	0.0						
DND1_HARS1	Patient9	1	19	580.7200929152149	12726.054922973877	1722	1493	0	1	0	5	6	8	21.0	1.0	3584.2293906810037	388.65137971239795	4389.119136742791	2222.141521664957	1.0	0.0	0.0						
HARS1	Patient1	573	643	301261.8296529968	374490.39021549217	1902	1717	202	173	198	213	220	210	19.0	11.0	310319.7674418605	347138.5542168675	317227.10950330645	326306.0749468037	-0.0673854447439353	1.6531217345247784	1.0322141411558354	1.0	1.0	1.0	1.0	1.0	Charcot-Marie-Tooth disease, axonal, type 2W, 616625 (3), Autosomal dominant; Usher syndrome type 3B, 614504 (3), Autosomal recessive
HARS1	Patient10	402	561	288378.7661406025	257339.4495412844	1394	2180	149	148	105	189	183	189	22.0	23.0	310319.7674418605	347138.5542168675	317227.10950330645	326306.0749468037	0.16996047430830039	3.921630153652424	3.4320188303461174	1.0	1.0	1.0	1.0	1.0	Charcot-Marie-Tooth disease, axonal, type 2W, 616625 (3), Autosomal dominant; Usher syndrome type 3B, 614504 (3), Autosomal recessive
HARS1	Patient11	252	431	184345.28163862473	193620.8445642408	1367	2226	87	82	83	145	139	147	28.0	30.0	310319.7674418605	347138.5542168675	317227.10950330645	326306.0749468037	-0.006060606060606061	0.12727525210187848	-0.6193208605639268						Charcot-Marie-Tooth disease, axonal, type 2W, 616625 (3), Autosomal dominant; Usher syndrome type 3B, 614504 (3), Autosomal recessive
HARS1	Patient12	520	462	290340.59184812946	230538.92215568863	1791	2004	168	175	177	154	142	166	21.0	25.0	310319.7674418605	347138.5542168675	317227.10950330645	326306.0749468037	-0.005681818181818182	0.1379040666578844	-0.6080768736353505						Charcot-Marie-Tooth disease, axonal, type 2W, 616625 (3), Autosomal dominant; Usher syndrome type 3B, 614504 (3), Autosomal recessive
HARS1	Patient13	548	488	247069.43192064922	195591.18236472944	2218	2495	191	182	175	170	153	165	26.0	29.0	310319.7674418605	347138.5542168675	317227.10950330645	326306.0749468037	0.0196078431372549	0.47714213845252457	-0.24920444954370385						Charcot-Marie-Tooth disease, axonal, type 2W, 616625 (3), Autosomal dominant; Usher syndrome type 3B, 614504 (3), Autosomal recessive
HARS1	Patient14	338	464	291128.3376399655	271662.7634660422	1161	1708	95	119	124	152	157	155	20.0	22.0	310319.7674418605	347138.5542168675	317227.10950330645	326306.0749468037	-0.0205761316872428	0.4667214433951911	-0.2602282714754856						Charcot-Marie-Tooth disease, axonal, type 2W, 616625 (3), Autosomal dominant; Usher syndrome type 3B, 614504 (3), Autosomal recessive
HARS1	Patient15	427	988	310319.7674418605	383987.56315584923	1376	2573	128	153	146	325	322	341	16.0	8.0	310319.7674418605	347138.5542168675	317227.10950330645	326306.0749468037	0.023411371237458192	0.5519472591030681	-0.17006977329610476						Charcot-Marie-Tooth disease, axonal, type 2W, 616625 (3), Autosomal dominant; Usher syndrome type 3B, 614504 (3), Autosomal recessive
HARS1	Patient16	653	647	468100.358422939	509047.9937057435	1395	1271	203	229	221	198	217	232	2.0	1.0	310319.7674418605	347138.5542168675	317227.10950330645	326306.0749468037	0.017777777777777778	0.4501566875337183	-0.27775175891616316						Charcot-Marie-Tooth disease, axonal, type 2W, 616625 (3), Autosomal dominant; Usher syndrome type 3B, 614504 (3), Autosomal recessive
HARS1	Patient17	401	543	411282.0512820513	442542.7872860636	975	1227	135	136	130	196	161	186	4.0	5.0	310319.7674418605	347138.5542168675	317227.10950330645	326306.0749468037	0.022556390977443608	0.5204443987611747	-0.20339594979777922						Charcot-Marie-Tooth disease, axonal, type 2W, 616625 (3), Autosomal dominant; Usher syndrome type 3B, 614504 (3), Autosomal recessive
HARS1	Patient18	325	594	328947.36842105264	428262.4369142033	988	1387	102	115	108	197	210	187	13.0	6.0	310319.7674418605	347138.5542168675	317227.10950330645	326306.0749468037	0.03139013452914798	0.7004948367515297	0.011526707970931258						Charcot-Marie-Tooth disease, axonal, type 2W, 616625 (3), Autosomal dominant; Usher syndrome type 3B, 614504 (3), Autosomal recessive
HARS1	Patient19	419	582	340927.5834011391	375968.992248062	1229	1548	159	108	152	187	208	187	12.0	10.0	310319.7674418605	347138.5542168675	317227.10950330645	326306.0749468037	-0.16923076923076924	3.924570556147404	3.4351294168601725	1.0	1.0	1.0	1.0	1.0	Charcot-Marie-Tooth disease, axonal, type 2W, 616625 (3), Autosomal dominant; Usher syndrome type 3B, 614504 (3), Autosomal recessive
HARS1	Patient2	145	71	113547.37666405638	65437.78801843317	1277	1085	49	47	49	24	28	19	31.0	31.0	310319.7674418605	347138.5542168675	317227.10950330645	326306.0749468037	-0.020833333333333332	0.38781273394688104	-0.3437040432007801						Charcot-Marie-Tooth disease, axonal, type 2W, 616625 (3), Autosomal dominant; Usher syndrome type 3B, 614504 (3), Autosomal recessive
HARS1	Patient20	715	781	378707.6271186441	449367.08860759495	1888	1738	264	224	227	277	270	234	6.0	4.0	310319.7674418605	347138.5542168675	317227.10950330645	326306.0749468037	-0.0066518847006651885	0.16848217898959872	-0.5757289675215815						Charcot-Marie-Tooth disease, axonal, type 2W, 616625 (3), Autosomal dominant; Usher syndrome type 3B, 614504 (3), Autosomal recessive
HARS1	Patient21	446	461	314749.47071277344	347138.5542168675	1417	1328	144	160	142	162	153	146	15.0	16.0	310319.7674418605	347138.5542168675	317227.10950330645	326306.0749468037	0.059602649006622516	1.4091423983848004	0.7741138184956241	1.0	1.0	1.0	1.0	1.0	Charcot-Marie-Tooth disease, axonal, type 2W, 616625 (3), Autosomal dominant; Usher syndrome type 3B, 614504 (3), Autosomal recessive
HARS1	Patient22	394	738	322686.3226863227	350427.35042735044	1221	2106	135	138	121	273	234	231	14.0	15.0	310319.7674418605	347138.5542168675	317227.10950330645	326306.0749468037	0.06563706563706563	1.5087932638092336	0.8795322564925996	1.0	1.0	1.0	1.0	1.0	Charcot-Marie-Tooth disease, axonal, type 2W, 616625 (3), Autosomal dominant; Usher syndrome type 3B, 614504 (3), Autosomal recessive
HARS1	Patient23	495	545	744360.9022556391	470232.9594477998	665	1159	153	180	162	193	162	190	1.0	3.0	310319.7674418605	347138.5542168675	317227.10950330645	326306.0749468037	0.05263157894736842	1.2720867875331396	0.6291257308040056						Charcot-Marie-Tooth disease, axonal, type 2W, 616625 (3), Autosomal dominant; Usher syndrome type 3B, 614504 (3), Autosomal recessive
HARS1	Patient24	475	805	448536.35505193577	484647.80252859724	1059	1661	157	165	153	241	277	287	3.0	2.0	310319.7674418605	347138.5542168675	317227.10950330645	326306.0749468037	0.03773584905660377	0.8998936095614666	0.23539083158572077						Charcot-Marie-Tooth disease, axonal, type 2W, 616625 (3), Autosomal dominant; Usher syndrome type 3B, 614504 (3), Autosomal recessive
HARS1	Patient25	354	738	258017.4927113703	379239.4655704008	1372	1946	122	113	119	227	263	248	25.0	9.0	310319.7674418605	347138.5542168675	317227.10950330645	326306.0749468037	-0.02586206896551724	0.5814951626135891	-0.13881170222068043						Charcot-Marie-Tooth disease, axonal, type 2W, 616625 (3), Autosomal dominant; Usher syndrome type 3B, 614504 (3), Autosomal recessive
HARS1	Patient26	221	547	130769.23076923077	372362.15112321306	1690	1469	83	69	69	205	168	174	30.0	12.0	310319.7674418605	347138.5542168675	317227.10950330645	326306.0749468037	0.0	0.0	-0.7539625238862161						Charcot-Marie-Tooth disease, axonal, type 2W, 616625 (3), Autosomal dominant; Usher syndrome type 3B, 614504 (3), Autosomal recessive
HARS1	Patient27	324	534	353326.0632497274	371091.03544127865	917	1439	103	121	100	180	171	183	8.0	13.0	310319.7674418605	347138.5542168675	317227.10950330645	326306.0749468037	0.09502262443438914	2.1224048021836373	1.5286582789996812	1.0	1.0	1.0	1.0	1.0	Charcot-Marie-Tooth disease, axonal, type 2W, 616625 (3), Autosomal dominant; Usher syndrome type 3B, 614504 (3), Autosomal recessive
HARS1	Patient28	307	246	208418.194161575	204658.90183028285	1473	1202	118	102	87	88	86	72	27.0	28.0	310319.7674418605	347138.5542168675	317227.10950330645	326306.0749468037	0.07936507936507936	1.7171501334275392	1.099948362740642						Charcot-Marie-Tooth disease, axonal, type 2W, 616625 (3), Autosomal dominant; Usher syndrome type 3B, 614504 (3), Autosomal recessive
HARS1	Patient29	392	544	375478.92720306513	292945.6112008616	1044	1857	120	139	133	186	181	177	7.0	19.0	310319.7674418605	347138.5542168675	317227.10950330645	326306.0749468037	0.022058823529411766	0.5110777235116021	-0.21330474757719886						Charcot-Marie-Tooth disease, axonal, type 2W, 616625 (3), Autosomal dominant; Usher syndrome type 3B, 614504 (3), Autosomal recessive
HARS1	Patient3	609	838	306492.19929542026	415056.9588905399	1987	2019	210	202	197	297	276	265	17.0	7.0	310319.7674418605	347138.5542168675	317227.10950330645	326306.0749468037	0.012531328320802004	0.3108699396252118	-0.42510011696256556						Charcot-Marie-Tooth disease, axonal, type 2W, 616625 (3), Autosomal dominant; Usher syndrome type 3B, 614504 (3), Autosomal recessive
HARS1	Patient30	429	512	258745.47647768396	283185.8407079646	1658	1808	142	149	138	190	166	156	24.0	21.0	310319.7674418605	347138.5542168675	317227.10950330645	326306.0749468037	0.03832752613240418	0.8971405224362751	0.2324784018424251						Charcot-Marie-Tooth disease, axonal, type 2W, 616625 (3), Autosomal dominant; Usher syndrome type 3B, 614504 (3), Autosomal recessive
HARS1	Patient31	127	537	131469.97929606625	289020.45209903124	966	1858	47	36	44	185	174	178	29.0	20.0	310319.7674418605	347138.5542168675	317227.10950330645	326306.0749468037	-0.1	1.7853107915055386	1.172054009558907						Charcot-Marie-Tooth disease, axonal, type 2W, 616625 (3), Autosomal dominant; Usher syndrome type 3B, 614504 (3), Autosomal recessive
HARS1	Patient4	420	453	270270.27027027024	312413.7931034483	1554	1450	148	141	131	145	152	156	23.0	17.0	310319.7674418605	347138.5542168675	317227.10950330645	326306.0749468037	0.03676470588235294	0.8520384738968648	0.1847659460876492						Charcot-Marie-Tooth disease, axonal, type 2W, 616625 (3), Autosomal dominant; Usher syndrome type 3B, 614504 (3), Autosomal recessive
HARS1	Patient5	559	435	350250.62656641606	218263.92373306572	1596	1993	185	191	183	151	154	130	10.0	26.0	310319.7674418605	347138.5542168675	317227.10950330645	326306.0749468037	0.0213903743315508	0.5247839750240495	-0.19880520842034555						Charcot-Marie-Tooth disease, axonal, type 2W, 616625 (3), Autosomal dominant; Usher syndrome type 3B, 614504 (3), Autosomal recessive
HARS1	Patient6	657	531	410112.3595505618	309801.6336056009	1602	1714	202	234	221	179	160	192	5.0	18.0	310319.7674418605	347138.5542168675	317227.10950330645	326306.0749468037	0.02857142857142857	0.7249297745485723	0.050300475225428826	1.0	1.0	1.0	1.0	1.0	Charcot-Marie-Tooth disease, axonal, type 2W, 616625 (3), Autosomal dominant; Usher syndrome type 3B, 614504 (3), Autosomal recessive
HARS1	Patient7	605	431	350521.436848204	252785.9237536657	1726	1705	184	216	205	143	155	133	9.0	24.0	310319.7674418605	347138.5542168675	317227.10950330645	326306.0749468037	0.026128266033254157	0.6542677637905991	-0.0618271831963602						Charcot-Marie-Tooth disease, axonal, type 2W, 616625 (3), Autosomal dominant; Usher syndrome type 3B, 614504 (3), Autosomal recessive
HARS1	Patient8	410	257	301692.4208977189	217981.3401187447	1359	1179	143	138	129	74	93	90	18.0	27.0	310319.7674418605	347138.5542168675	317227.10950330645	326306.0749468037	0.033707865168539325	0.7784476815337185	0.10691588077371052						Charcot-Marie-Tooth disease, axonal, type 2W, 616625 (3), Autosomal dominant; Usher syndrome type 3B, 614504 (3), Autosomal recessive
HARS1	Patient9	592	547	343786.29500580725	366376.42330877425	1722	1493	214	183	195	182	172	193	11.0	14.0	310319.7674418605	347138.5542168675	317227.10950330645	326306.0749468037	-0.031746031746031744	0.7804303140100328	0.10901326365026595	1.0	1.0	1.0	1.0	1.0	Charcot-Marie-Tooth disease, axonal, type 2W, 616625 (3), Autosomal dominant; Usher syndrome type 3B, 614504 (3), Autosomal recessive
SRSF6	Patient1	191	95	100420.60988433227	55329.062317996504	1902	1717	49	76	66	34	29	32	19.0	19.0	126769.62676962678	67276.64155005381	138239.81160383418	108178.14236289564	0.07042253521126761	1.434935301750135	0.2406760000228568						
SRSF6	Patient10	248	345	177905.30846484934	158256.88073394497	1394	2180	84	81	83	122	113	110	10.0	8.0	126769.62676962678	67276.64155005381	138239.81160383418	108178.14236289564	-0.012195121951219513	0.25578837207947236	-0.6110130295054842						
SRSF6	Patient11	299	1145	218727.139722019	514375.5615453728	1367	2226	94	114	91	390	373	382	7.0	1.0	126769.62676962678	67276.64155005381	138239.81160383418	108178.14236289564	0.11219512195121951	2.4722403981592	0.924726018434877	1.0	1.0	1.0	1.0	1.0	
SRSF6	Patient12	223	348	124511.44611948633	173652.69461077845	1791	2004	73	73	77	107	128	113	17.0	7.0	126769.62676962678	67276.64155005381	138239.81160383418	108178.14236289564	-0.02666666666666667	0.5490204897745976	-0.4176413433904432						
SRSF6	Patient13	387	696	174481.51487826873	278957.91583166335	2218	2495	129	130	128	247	207	242	11.0	3.0	126769.62676962678	67276.64155005381	138239.81160383418	108178.14236289564	0.007751937984496124	0.17781516622450336	-0.6624323979105748						
SRSF6	Patient14	121	44	104220.49956933677	25761.124121779856	1161	1708	46	39	36	17	14	13	18.0	24.0	126769.62676962678	67276.64155005381	138239.81160383418	108178.14236289564	0.04	0.7005846958132645	-0.3176924486146792						
SRSF6	Patient15	324	294	235465.11627906974	114263.505635445	1376	2573	109	108	107	96	97	101	5.0	11.0	126769.62676962678	67276.64155005381	138239.81160383418	108178.14236289564	0.004651162790697674	0.10302634589585373	-0.7117518258203854						
SRSF6	Patient16	93	54	66666.66666666667	42486.231313926044	1395	1271	37	30	26	21	17	16	22.0	22.0	126769.62676962678	67276.64155005381	138239.81160383418	108178.14236289564	0.07142857142857142	1.1574569884456356	0.04128476798086017						
SRSF6	Patient17	56	25	57435.89743589744	20374.89812550937	975	1227	19	25	12	9	6	10	25.0	27.0	126769.62676962678	67276.64155005381	138239.81160383418	108178.14236289564	0.35135135135135137	5.20945336562895	2.7297789264723775	1.0	1.0	1.0	1.0	1.0	
SRSF6	Patient18	157	82	158906.8825910931	59120.403749098776	988	1387	58	51	48	24	32	26	13.0	17.0	126769.62676962678	67276.64155005381	138239.81160383418	108178.14236289564	0.030303030303030304	0.5683339079120854	-0.4049051252051836						
SRSF6	Patient19	74	31	60211.55410903173	20025.83979328165	1229	1548	21	34	19	12	11	8	23.0	28.0	126769.62676962678	67276.64155005381	138239.81160383418	108178.14236289564	0.2830188679245283	4.624464772146028	2.344008665121025						
SRSF6	Patient2	88	62	68911.51135473767	57142.857142857145	1277	1085	30	21	37	23	23	16	21.0	18.0	126769.62676962678	67276.64155005381	138239.81160383418	108178.14236289564	-0.27586206896551724	4.618993966511345	2.340400946709067	1.0	1.0	1.0	1.0	1.0	
SRSF6	Patient20	54	81	28601.694915254237	46605.29344073648	1888	1738	15	16	23	27	25	29	29.0	21.0	126769.62676962678	67276.64155005381	138239.81160383418	108178.14236289564	-0.1794871794871795	2.6294858040502676	1.0284213759216507	1.0	1.0	1.0	1.0	1.0	
SRSF6	Patient21	334	122	235709.24488355682	91867.46987951807	1417	1328	113	111	110	37	41	44	4.0	12.0	126769.62676962678	67276.64155005381	138239.81160383418	108178.14236289564	0.004524886877828055	0.10076810506053209	-0.713241020937934						
SRSF6	Patient22	58	43	47502.047502047506	20417.853751187085	1221	2106	22	21	15	11	17	15	27.0	26.0	126769.62676962678	67276.64155005381	138239.81160383418	108178.14236289564	0.16666666666666666	2.3752270116460728	0.8607506180823205						
SRSF6	Patient23	27	18	40601.503759398496	15530.629853321829	665	1159	6	9	12	7	6	5	28.0	30.0	126769.62676962678	67276.64155005381	138239.81160383418	108178.14236289564	-0.14285714285714285	1.6625431975416274	0.39077184534924725						
SRSF6	Patient24	27	41	25495.7507082153	24683.925346177002	1059	1661	9	10	8	14	13	14	30.0	25.0	126769.62676962678	67276.64155005381	138239.81160383418	108178.14236289564	0.1111111111111111	1.2072208811243568	0.09050990697946702						
SRSF6	Patient25	341	346	248542.2740524781	177800.61664953752	1372	1946	108	125	108	114	115	117	3.0	6.0	126769.62676962678	67276.64155005381	138239.81160383418	108178.14236289564	0.07296137339055794	1.6443667103855297	0.37878537539278306						
SRSF6	Patient26	668	201	395266.2721893491	136827.7739959156	1690	1469	241	219	208	64	65	72	1.0	10.0	126769.62676962678	67276.64155005381	138239.81160383418	108178.14236289564	0.02576112412177986	0.6466239079212815	-0.35327684714778135						
SRSF6	Patient27	92	45	100327.15376226827	31271.716469770672	917	1439	24	31	37	15	12	18	20.0	23.0	126769.62676962678	67276.64155005381	138239.81160383418	108178.14236289564	-0.08823529411764706	1.509249525411421	0.2896824555389405						
SRSF6	Patient28	299	165	202987.10115410725	137271.2146422629	1473	1202	101	95	103	62	47	56	8.0	9.0	126769.62676962678	67276.64155005381	138239.81160383418	108178.14236289564	-0.04040404040404041	0.8810168731911604	-0.19870659316603542						
SRSF6	Patient29	61	35	58429.11877394636	18847.60366182014	1044	1857	21	20	20	13	9	13	24.0	29.0	126769.62676962678	67276.64155005381	138239.81160383418	108178.14236289564	0.0	0.0	-0.7796924674415945						
SRSF6	Patient3	371	172	186713.63865123302	85190.68845963349	1987	2019	132	118	121	59	57	56	9.0	13.0	126769.62676962678	67276.64155005381	138239.81160383418	108178.14236289564	-0.012552301255230125	0.2837957719876774	-0.5925435719763512						
SRSF6	Patient30	496	127	299155.6091676719	70243.36283185841	1658	1808	168	183	145	39	45	43	2.0	14.0	126769.62676962678	67276.64155005381	138239.81160383418	108178.14236289564	0.11585365853658537	2.789227652792621	1.1337630106553969	1.0	1.0	1.0	1.0	1.0	
SRSF6	Patient31	153	125	158385.09316770185	67276.64155005381	966	1858	41	46	66	43	37	45	14.0	16.0	126769.62676962678	67276.64155005381	138239.81160383418	108178.14236289564	-0.17857142857142858	3.481964348829084	1.5905876722895218	1.0	1.0	1.0	1.0	1.0	
SRSF6	Patient4	197	100	126769.62676962678	68965.51724137932	1554	1450	67	51	79	37	32	31	16.0	15.0	126769.62676962678	67276.64155005381	138239.81160383418	108178.14236289564	-0.2153846153846154	4.364319973034309	2.17245638485344	1.0	1.0	1.0	1.0	1.0	
SRSF6	Patient5	354	682	221804.51127819548	342197.69192172604	1596	1993	121	113	120	259	224	199	6.0	2.0	126769.62676962678	67276.64155005381	138239.81160383418	108178.14236289564	-0.030042918454935622	0.6761094299917763	-0.3338326431377627						
SRSF6	Patient6	77	89	48064.91885143571	51925.32088681447	1602	1714	30	22	25	31	28	30	26.0	20.0	126769.62676962678	67276.64155005381	138239.81160383418	108178.14236289564	-0.06382978723404255	0.9824832453819167	-0.13179467496032712						
SRSF6	Patient7	262	375	151796.06025492467	219941.34897360703	1726	1705	97	81	84	116	132	127	15.0	5.0	126769.62676962678	67276.64155005381	138239.81160383418	108178.14236289564	-0.01818181818181818	0.38186227281573	-0.5278736962288425						
SRSF6	Patient8	217	262	159676.23252391466	222222.22222222222	1359	1179	72	78	67	98	97	67	12.0	4.0	126769.62676962678	67276.64155005381	138239.81160383418	108178.14236289564	0.07586206896551724	1.5531429062764748	0.31862791053848405						
SRSF6	Patient9	3	7	1742.1602787456445	4688.546550569323	1722	1493	2	0	1	3	1	3	31.0	31.0	126769.62676962678	67276.64155005381	138239.81160383418	108178.14236289564	-1.0	0.0	-0.7796924674415945						
VTA1	Patient1	1133	979	595688.7486855942	570180.5474665114	1902	1717	413	349	371	332	305	342	6.0	15.0	534216.3355408389	554969.8795180722	534575.3244359668	557507.4652786839	-0.030555555555555555	0.8347866416851478	-0.3518002410539708						
VTA1	Patient10	741	1255	531563.8450502153	575688.0733944954	1394	2180	237	269	235	413	427	415	17.0	14.0	534216.3355408389	554969.8795180722	534575.3244359668	557507.4652786839	0.06746031746031746	1.7431413140631973	1.5041222949107032						
VTA1	Patient11	810	640	592538.405267008	287511.2309074573	1367	2226	265	274	271	204	227	209	7.0	31.0	534216.3355408389	554969.8795180722	534575.3244359668	557507.4652786839	0.005504587155963303	0.14385073053718953	-1.570438545885686						
VTA1	Patient12	1046	1180	584031.2674483529	588822.3552894212	1791	2004	359	340	347	410	394	376	11.0	12.0	534216.3355408389	554969.8795180722	534575.3244359668	557507.4652786839	-0.010189228529839884	0.2762747766055727	-1.3368756170872524						
VTA1	Patient13	1281	1283	577547.3399458972	514228.4569138276	2218	2495	435	412	434	444	449	390	13.0	20.0	534216.3355408389	554969.8795180722	534575.3244359668	557507.4652786839	-0.026004728132387706	0.7281095482779469	-0.5399519786849407						
VTA1	Patient14	693	1194	596899.2248062015	699063.2318501171	1161	1708	228	247	218	387	391	416	5.0	2.0	534216.3355408389	554969.8795180722	534575.3244359668	557507.4652786839	0.06236559139784946	1.5897609629516254	1.2335976803157715	1.0	1.0	1.0	1.0	1.0	
VTA1	Patient15	613	1275	445494.18604651163	495530.5091333074	1376	2573	206	213	194	421	433	421	27.0	24.0	534216.3355408389	554969.8795180722	534575.3244359668	557507.4652786839	0.04668304668304668	1.162815387388341	0.48057236484852306	1.0	1.0	1.0	1.0	1.0	
VTA1	Patient16	641	567	459498.20788530464	446105.4287962235	1395	1271	201	203	237	204	184	179	25.0	28.0	534216.3355408389	554969.8795180722	534575.3244359668	557507.4652786839	-0.07727272727272727	1.9529078493170866	1.8740980492574488	1.0	1.0	1.0	1.0	1.0	
VTA1	Patient17	503	645	515897.4358974359	525672.3716381418	975	1227	182	157	164	196	239	210	20.0	18.0	534216.3355408389	554969.8795180722	534575.3244359668	557507.4652786839	-0.021806853582554516	0.5207471072423904	-0.9056875115355753						
VTA1	Patient18	483	699	488866.39676113357	503965.39293439075	988	1387	159	166	158	217	256	226	23.0	21.0	534216.3355408389	554969.8795180722	534575.3244359668	557507.4652786839	0.024691358024691357	0.5906393291657862	-0.782415095857922						
VTA1	Patient19	725	912	589910.4963384866	589147.2868217054	1229	1548	240	256	229	317	292	303	9.0	11.0	534216.3355408389	554969.8795180722	534575.3244359668	557507.4652786839	0.05567010309278351	1.428694521920298	0.9495167236065144						
VTA1	Patient2	1009	937	790133.1245105717	863594.470046083	1277	1085	322	327	360	332	300	305	1.0	1.0	534216.3355408389	554969.8795180722	534575.3244359668	557507.4652786839	-0.048034934497816595	1.3033906801099915	0.7285120560116441						
VTA1	Patient20	1110	862	587923.7288135594	495972.38204833143	1888	1738	354	395	361	278	308	276	10.0	23.0	534216.3355408389	554969.8795180722	534575.3244359668	557507.4652786839	0.04497354497354497	1.238413025450186	0.6139077089962965						
VTA1	Patient21	626	737	441778.4050811574	554969.8795180722	1417	1328	203	213	210	247	240	250	28.0	16.0	534216.3355408389	554969.8795180722	534575.3244359668	557507.4652786839	0.0070921985815602835	0.17769913313851485	-1.5107384213129058						
VTA1	Patient22	754	1319	617526.6175266175	626305.7929724597	1221	2106	229	272	253	433	446	440	4.0	8.0	534216.3355408389	554969.8795180722	534575.3244359668	557507.4652786839	0.03619047619047619	0.9404167639630092	-0.07717833557536355						
VTA1	Patient23	127	581	190977.44360902256	501294.21915444353	665	1159	34	42	51	221	193	167	31.0	22.0	534216.3355408389	554969.8795180722	534575.3244359668	557507.4652786839	-0.0967741935483871	1.792873627957322	1.5918376701306731	1.0	1.0	1.0	1.0	1.0	
VTA1	Patient24	548	804	517469.31067044387	484045.7555689343	1059	1661	189	168	191	285	266	253	19.0	26.0	534216.3355408389	554969.8795180722	534575.3244359668	557507.4652786839	-0.06406685236768803	1.5624676038939334	1.185459014661575	1.0	1.0	1.0	1.0	1.0	
VTA1	Patient25	664	856	483965.0145772595	439876.67009249737	1372	1946	256	214	194	292	278	286	24.0	29.0	534216.3355408389	554969.8795180722	534575.3244359668	557507.4652786839	0.049019607843137254	1.2216198255518806	0.584288700450671	1.0	1.0	1.0	1.0	1.0	
VTA1	Patient26	775	695	458579.88165680476	473110.9598366235	1690	1469	246	266	263	245	218	232	26.0	27.0	534216.3355408389	554969.8795180722	534575.3244359668	557507.4652786839	0.005671077504725898	0.14748451613340166	-1.564029456058914						
VTA1	Patient27	476	847	519083.9694656489	588603.1966643502	917	1439	159	151	166	296	263	288	18.0	13.0	534216.3355408389	554969.8795180722	534575.3244359668	557507.4652786839	-0.0473186119873817	1.1280795126054413	0.4193069610979069						
VTA1	Patient28	851	786	577732.5186693822	653910.1497504159	1473	1202	272	295	284	253	275	258	12.0	4.0	534216.3355408389	554969.8795180722	534575.3244359668	557507.4652786839	0.018998272884283247	0.5014106711713979	-0.9397921532177399						
VTA1	Patient29	569	1270	545019.1570881226	683898.761443188	1044	1857	180	207	182	421	410	439	14.0	3.0	534216.3355408389	554969.8795180722	534575.3244359668	557507.4652786839	0.06426735218508997	1.589432897307696	1.2330190544928248	1.0	1.0	1.0	1.0	1.0	
VTA1	Patient3	999	1000	502767.99194765976	495294.7003467063	1987	2019	344	321	334	328	336	336	21.0	25.0	534216.3355408389	554969.8795180722	534575.3244359668	557507.4652786839	-0.01984732824427481	0.5341943573903274	-0.8819699223054783						
VTA1	Patient30	705	1148	425211.09770808206	634955.7522123894	1658	1808	229	242	234	372	402	374	29.0	5.0	534216.3355408389	554969.8795180722	534575.3244359668	557507.4652786839	0.01680672268907563	0.4295801786551931	-1.0664831939102681						
VTA1	Patient31	673	1178	696687.370600414	634015.0699677072	966	1858	214	234	225	432	371	375	2.0	6.0	534216.3355408389	554969.8795180722	534575.3244359668	557507.4652786839	0.0196078431372549	0.49816019349433127	-0.9455251836513333						
VTA1	Patient4	920	891	592020.592020592	614482.7586206896	1554	1450	302	292	326	292	292	307	8.0	9.0	534216.3355408389	554969.8795180722	534575.3244359668	557507.4652786839	-0.05501618122977346	1.4685067608204438	1.0197355652415088						
VTA1	Patient5	676	862	423558.8972431078	432513.79829402914	1596	1993	212	225	239	288	276	298	30.0	30.0	534216.3355408389	554969.8795180722	534575.3244359668	557507.4652786839	-0.03017241379310345	0.7680899988829979	-0.4694364536331331						
VTA1	Patient6	866	1080	540574.2821473158	630105.0175029171	1602	1714	276	292	298	329	375	376	15.0	7.0	534216.3355408389	554969.8795180722	534575.3244359668	557507.4652786839	-0.010169491525423728	0.2691860242276231	-1.3493784050330744						
VTA1	Patient7	856	889	495944.3800695249	521407.6246334311	1726	1705	299	258	299	297	284	308	22.0	19.0	534216.3355408389	554969.8795180722	534575.3244359668	557507.4652786839	-0.07360861759425494	1.933859995250038	1.8405023941229752	1.0	1.0	1.0	1.0	1.0	
VTA1	Patient8	726	648	534216.3355408389	549618.320610687	1359	1179	253	223	250	221	199	228	16.0	17.0	534216.3355408389	554969.8795180722	534575.3244359668	557507.4652786839	-0.05708245243128964	1.4589303309566788	1.0028451358004786	1.0	1.0	1.0	1.0	1.0	
VTA1	Patient9	1124	909	652729.3844367014	608841.259209645	1722	1493	371	388	365	306	300	303	3.0	10.0	534216.3355408389	554969.8795180722	534575.3244359668	557507.4652786839	0.03054448871181939	0.8402701936652428	-0.34212862552254336						
novelGene_SRSF6_AS	Patient1	0	0	0.0	0.0	1902	1717	0	0	0	0	0	0	31.0	31.0	4360.46511627907	4308.023694130317	5568.635320149852	5786.175889951817		0.0	0.0						
novelGene_SRSF6_AS	Patient10	3	2	2152.080344332855	917.4311926605506	1394	2180	1	0	2	1	1	0	21.0	29.0	4360.46511627907	4308.023694130317	5568.635320149852	5786.175889951817	-1.0	0.0	0.0						
novelGene_SRSF6_AS	Patient11	6	5	4389.1733723482075	2246.18149146451	1367	2226	1	3	2	1	2	2	14.0	25.0	4360.46511627907	4308.023694130317	5568.635320149852	5786.175889951817	0.2	0.0	0.0						
novelGene_SRSF6_AS	Patient12	2	4	1116.6945840312674	1996.007984031936	1791	2004	0	1	1	0	2	2	27.0	26.0	4360.46511627907	4308.023694130317	5568.635320149852	5786.175889951817	0.0	0.0	0.0						
novelGene_SRSF6_AS	Patient13	2	3	901.7132551848512	1202.4048096192384	2218	2495	0	0	2	1	0	2	28.0	27.0	4360.46511627907	4308.023694130317	5568.635320149852	5786.175889951817	-1.0	0.0	0.0						
novelGene_SRSF6_AS	Patient14	9	6	7751.937984496124	3512.88056206089	1161	1708	2	5	2	2	0	4	8.0	20.0	4360.46511627907	4308.023694130317	5568.635320149852	5786.175889951817	0.42857142857142855	0.0	0.0						
novelGene_SRSF6_AS	Patient15	6	15	4360.46511627907	5829.770695685969	1376	2573	3	1	2	6	3	6	16.0	14.0	4360.46511627907	4308.023694130317	5568.635320149852	5786.175889951817	-0.3333333333333333	0.0	0.0						
novelGene_SRSF6_AS	Patient16	3	3	2150.537634408602	2360.346184107002	1395	1271	3	0	0	1	0	2	22.0	24.0	4360.46511627907	4308.023694130317	5568.635320149852	5786.175889951817		0.0	0.0						
novelGene_SRSF6_AS	Patient17	9	14	9230.76923076923	11409.942950285247	975	1227	3	1	5	1	6	7	7.0	5.0	4360.46511627907	4308.023694130317	5568.635320149852	5786.175889951817	-0.6666666666666666	0.0	0.0						
novelGene_SRSF6_AS	Patient18	21	12	21255.06072874494	8651.766402307137	988	1387	8	6	7	6	3	3	2.0	7.0	4360.46511627907	4308.023694130317	5568.635320149852	5786.175889951817	-0.07692307692307693	0.7128714979224281	0.9741100928418642	1.0	1.0	1.0	1.0	1.0	
novelGene_SRSF6_AS	Patient19	6	22	4882.017900732303	14211.886304909562	1229	1548	1	3	2	8	5	9	12.0	2.0	4360.46511627907	4308.023694130317	5568.635320149852	5786.175889951817	0.2	0.0	0.0						
novelGene_SRSF6_AS	Patient2	3	9	2349.256068911511	8294.930875576038	1277	1085	1	1	1	2	4	3	20.0	8.0	4360.46511627907	4308.023694130317	5568.635320149852	5786.175889951817	0.0	0.0	0.0						
novelGene_SRSF6_AS	Patient20	8	13	4237.28813559322	7479.861910241657	1888	1738	3	0	5	5	4	4	17.0	10.0	4360.46511627907	4308.023694130317	5568.635320149852	5786.175889951817	-1.0	0.0	0.0						
novelGene_SRSF6_AS	Patient21	4	8	2822.8652081863092	6024.096385542169	1417	1328	1	3	0	0	4	4	19.0	13.0	4360.46511627907	4308.023694130317	5568.635320149852	5786.175889951817	1.0	0.0	0.0						
novelGene_SRSF6_AS	Patient22	9	6	7371.007371007372	2849.002849002849	1221	2106	1	4	4	1	2	3	9.0	23.0	4360.46511627907	4308.023694130317	5568.635320149852	5786.175889951817	0.0	0.0	0.0						
novelGene_SRSF6_AS	Patient23	7	14	10526.315789473683	12079.378774805868	665	1159	3	3	1	5	4	5	5.0	3.0	4360.46511627907	4308.023694130317	5568.635320149852	5786.175889951817	0.5	0.0	0.0						
novelGene_SRSF6_AS	Patient24	2	11	1888.5741265344666	6622.516556291391	1059	1661	2	0	0	4	5	2	23.0	12.0	4360.46511627907	4308.023694130317	5568.635320149852	5786.175889951817		0.0	0.0						
novelGene_SRSF6_AS	Patient25	9	6	6559.766763848396	3083.247687564234	1372	1946	3	3	3	4	1	1	10.0	22.0	4360.46511627907	4308.023694130317	5568.635320149852	5786.175889951817	0.0	0.0	0.0						
novelGene_SRSF6_AS	Patient26	18	26	10650.887573964497	17699.115044247785	1690	1469	2	11	5	9	8	9	4.0	1.0	4360.46511627907	4308.023694130317	5568.635320149852	5786.175889951817	0.375	4.0	5.465838349159882	1.0	1.0	1.0	1.0	1.0	
novelGene_SRSF6_AS	Patient27	21	11	22900.763358778626	7644.197359277276	917	1439	8	6	7	4	2	5	1.0	9.0	4360.46511627907	4308.023694130317	5568.635320149852	5786.175889951817	-0.07692307692307693	0.7128714979224281	0.9741100928418642						
novelGene_SRSF6_AS	Patient28	1	5	678.8866259334691	4159.733777038269	1473	1202	1	0	0	0	0	5	29.0	18.0	4360.46511627907	4308.023694130317	5568.635320149852	5786.175889951817		0.0	0.0						
novelGene_SRSF6_AS	Patient29	13	8	12452.107279693486	4308.023694130317	1044	1857	4	7	2	5	0	3	3.0	16.0	4360.46511627907	4308.023694130317	5568.635320149852	5786.175889951817	0.5555555555555556	0.0	0.0						
novelGene_SRSF6_AS	Patient3	1	7	503.27126321087064	3467.0629024269438	1987	2019	0	1	0	3	1	3	30.0	21.0	4360.46511627907	4308.023694130317	5568.635320149852	5786.175889951817	1.0	0.0	0.0						
novelGene_SRSF6_AS	Patient30	16	21	9650.180940892642	11615.044247787611	1658	1808	7	6	3	9	6	6	6.0	4.0	4360.46511627907	4308.023694130317	5568.635320149852	5786.175889951817	0.3333333333333333	0.0	0.0						
novelGene_SRSF6_AS	Patient31	3	18	3105.590062111801	9687.83638320775	966	1858	0	2	1	3	9	6	18.0	6.0	4360.46511627907	4308.023694130317	5568.635320149852	5786.175889951817	0.3333333333333333	0.0	0.0						
novelGene_SRSF6_AS	Patient4	9	6	5791.505791505791	4137.931034482759	1554	1450	5	1	3	4	1	1	11.0	19.0	4360.46511627907	4308.023694130317	5568.635320149852	5786.175889951817	-0.5	0.0	0.0						
novelGene_SRSF6_AS	Patient5	7	9	4385.964912280701	4515.805318615153	1596	1993	2	3	2	4	3	2	15.0	15.0	4360.46511627907	4308.023694130317	5568.635320149852	5786.175889951817	0.2	0.0	0.0						
novelGene_SRSF6_AS	Patient6	2	1	1248.4394506866417	583.4305717619603	1602	1714	1	0	1	0	1	0	25.0	30.0	4360.46511627907	4308.023694130317	5568.635320149852	5786.175889951817	-1.0	0.0	0.0						
novelGene_SRSF6_AS	Patient7	3	2	1738.1228273464658	1173.0205278592375	1726	1705	3	0	0	1	1	0	24.0	28.0	4360.46511627907	4308.023694130317	5568.635320149852	5786.175889951817		0.0	0.0						
novelGene_SRSF6_AS	Patient8	6	5	4415.0110375275935	4240.882103477524	1359	1179	3	2	1	0	4	1	13.0	17.0	4360.46511627907	4308.023694130317	5568.635320149852	5786.175889951817	0.3333333333333333	0.0	0.0						
novelGene_SRSF6_AS	Patient9	2	11	1161.4401858304298	7367.716008037508	1722	1493	1	0	1	3	6	2	26.0	11.0	4360.46511627907	4308.023694130317	5568.635320149852	5786.175889951817	-1.0	0.0	0.0						
