Isoform	Sample	H0_cyclo_count	H1_cyclo_count	H2_cyclo_count	H0_noncyclo_count	H1_noncyclo_count	H2_noncyclo_count	cyclo_count	noncyclo_count	total_cyclo	total_noncyclo	Cyclo_TPM	Noncyclo_TPM	Cyclo_TPM_Rank	Noncyclo_TPM_Rank	Cyclo_TPM_Median	Noncyclo_TPM_Median	Cyclo_TPM_Mean	Noncyclo_TPM_Mean	associated_gene	gene_cyclo_count	gene_noncyclo_count	isoform_cyclo_proportion	isoform_noncyclo_proportion	NoncycloHaplotypeDifference	test_statistic	z_score_of_test_stat	rank_top_99_9_percentile	rank_top_99_5_percentile	rank_top_99_percentile	rank_top_98_percentile	rank_top_95_percentile	Phenotypes	Source_File	Avg_Noncyclo_TPM	SD_Noncyclo_TPM	Noncyclo_TPM_Z_Score	CycloFraction	NoncycloFraction	NormalizedCycloFraction	NormalizedNoncycloFraction	NormalizedFractionDifference	Avg_Cyclo_TPM	SD_Cyclo_TPM	Cyclo_TPM_Z_Score
PB.161541.3	Patient19	1	3	2	8	5	8	6	21	1229	1548	4882.017900732303	13565.891472868218	7.0	2.0	2822.865208186309	3392.705682782019	3374.349287623454	4320.504916696668	novelGene_SRSF6_AS	6.0	22.0	1.0	0.9545454545454546	-0.2307692307692307	2.1646184712917043	4.087673572929198	1.0	1.0	1.0	1.0	1.0		Noncyclo_Allelic_Imbalance_isoform_top_ranked_data.tsv.gz											
PB.161541.3	Patient31	0	2	1	3	9	6	3	18	966	1858	3105.590062111801	9687.83638320775	14.0	4.0	2822.865208186309	3392.705682782019	3374.349287623454	4320.504916696668	novelGene_SRSF6_AS	3.0	18.0	1.0	1.0	0.2	2.0103810896810197	3.7964111277780352	1.0	1.0	1.0	1.0	3.0		Noncyclo_Allelic_Imbalance_isoform_top_ranked_data.tsv.gz											
PB.161551.18	Patient17	12	13	6	7	2	8	31	17	975	1227	31794.8717948718	13854.930725346372	20.0	27.0	50237.61031907671	41351.1939429237	66146.65887260679	45828.29338733267	SRSF6	56.0	25.0	0.5535714285714286	0.68	-0.6	5.26513146048854	2.4188922146371814	1.0	1.0	1.0	1.0	1.0		Noncyclo_Allelic_Imbalance_isoform_top_ranked_data.tsv.gz											
PB.161551.18	Patient2	13	7	17	18	19	9	37	46	1277	1085	28974.15818324197	42396.3133640553	21.0	15.0	50237.61031907671	41351.1939429237	66146.65887260679	45828.29338733267	SRSF6	88.0	62.0	0.4204545454545454	0.7419354838709677	0.3571428571428571	4.807354922057604	2.1576576948130914	1.0	1.0	1.0	1.0	1.0		Noncyclo_Allelic_Imbalance_isoform_top_ranked_data.tsv.gz											
PB.161551.18	Patient22	11	9	5	8	14	10	25	32	1221	2106	20475.02047502048	15194.681861348528	25.0	26.0	50237.61031907671	41351.1939429237	66146.65887260679	45828.29338733267	SRSF6	58.0	43.0	0.4310344827586206	0.7441860465116279	0.1666666666666666	2.0515826300241	0.5850501209924117	1.0	1.0	1.0	1.0	1.0		Noncyclo_Allelic_Imbalance_isoform_top_ranked_data.tsv.gz											
PB.161551.18	Patient8	56	62	51	37	42	18	169	97	1359	1179	124356.1442236939	82273.11280746396	3.0	3.0	50237.61031907671	41351.1939429237	66146.65887260679	45828.29338733267	SRSF6	217.0	262.0	0.7788018433179723	0.3702290076335878	0.4	6.9603091688451935	3.386261438444316	1.0	1.0	1.0	1.0	1.0		Noncyclo_Allelic_Imbalance_isoform_top_ranked_data.tsv.gz											
PB.161551.19	Patient11	43	51	29	27	37	17	123	81	1367	2226	89978.05413313826	36388.14016172507	2.0	1.0	7078.507078507078	5507.474429583005	16450.57042214269	9691.84586219	SRSF6	299.0	1145.0	0.411371237458194	0.0707423580786026	0.3703703703703703	6.203783183616951	3.632179155569909	1.0	1.0	1.0	1.0	1.0		Noncyclo_Allelic_Imbalance_isoform_top_ranked_data.tsv.gz											
PB.161551.19	Patient15	7	11	14	18	19	14	32	51	1376	2573	23255.81395348837	19821.220365332298	6.0	7.0	7078.507078507078	5507.474429583005	16450.57042214269	9691.84586219	SRSF6	324.0	294.0	0.0987654320987654	0.173469387755102	0.1515151515151515	2.093612720675438	1.225764385827521	1.0	1.0	1.0	1.0	2.0		Noncyclo_Allelic_Imbalance_isoform_top_ranked_data.tsv.gz											
PB.161551.22	Patient13	0	0	0	9	7	14	0	30	2218	2495	0.0	12024.048096192384	25.5	1.0	813.6696501220504	0.0	1372.4935552085096	1686.99992983565	SRSF6	387.0	696.0	0.0	0.043103448275862	-0.3333333333333333	3.983351363645504	5.244360114859297	1.0	1.0	1.0	1.0	1.0		Noncyclo_Allelic_Imbalance_isoform_top_ranked_data.tsv.gz											
PB.161551.263	Patient28	25	19	25	34	17	30	69	81	1473	1202	46843.17718940937	67387.68718801996	1.0	1.0	0.0	0.0	1541.5311049250515	2173.7963609038698	SRSF6	299.0	165.0	0.2307692307692307	0.4909090909090909	-0.2765957446808511	4.356304669354096	5.5677643628300215	1.0	1.0	1.0	1.0	1.0		Noncyclo_Allelic_Imbalance_isoform_top_ranked_data.tsv.gz											
PB.161551.31	Patient25	2	2	1	5	12	5	5	22	1372	1946	3644.314868804665	11305.24152106886	12.0	1.0	3036.4372469635628	1843.3179723502303	3514.1734442161	2625.086178446902	SRSF6	341.0	346.0	0.0146627565982404	0.0635838150289017	0.4117647058823529	4.559471676465313	4.563310653741619	1.0	1.0	1.0	1.0	2.0		Noncyclo_Allelic_Imbalance_isoform_top_ranked_data.tsv.gz											
PB.161551.31	Patient26	4	3	8	2	7	3	15	12	1690	1469	8875.739644970414	8168.822328114363	3.0	3.0	3036.4372469635628	1843.3179723502303	3514.1734442161	2625.086178446902	SRSF6	668.0	201.0	0.0224550898203592	0.0597014925373134	0.4	3.321928094887362	3.3247250870335394	1.0	1.0	1.0	1.0	2.0		Noncyclo_Allelic_Imbalance_isoform_top_ranked_data.tsv.gz											
PB.161551.38	Patient6	0	0	0	10	7	10	0	27	1602	1714	0.0	15752.625437572928	30.5	8.0	12307.692307692309	1843.3179723502303	24056.45237058164	27881.244818305106	SRSF6	77.0	89.0	0.0	0.3033707865168539	-0.1764705882352941	1.877909669275449	2.5498501293290468	1.0	1.0	1.0	1.0	2.0		Noncyclo_Allelic_Imbalance_isoform_top_ranked_data.tsv.gz											
PB.161551.53	Patient30	36	29	34	9	9	12	99	30	1658	1808	59710.49457177322	16592.920353982303	1.0	1.0	0.0	0.0	2860.460827323184	1015.3048038106308	SRSF6	496.0	127.0	0.1995967741935483	0.2362204724409448	-0.1428571428571428	1.6625431975416274	3.607833687103644	1.0	1.0	1.0	1.0	2.0		Noncyclo_Allelic_Imbalance_isoform_top_ranked_data.tsv.gz											
PB.161551.61	Patient7	1	0	0	5	8	10	1	23	1726	1705	579.3742757821552	13489.736070381232	11.0	4.0	0.0	0.0	4137.538206592386	5096.228719210569	SRSF6	262.0	375.0	0.0038167938931297	0.0613333333333333	-0.1111111111111111	1.207220881124356	1.502697193022878	1.0	1.0	1.0	1.0	3.0		Noncyclo_Allelic_Imbalance_isoform_top_ranked_data.tsv.gz											
PB.59138.483	Patient16	8	6	8	3	6	4	22	13	1395	1271	15770.609318996418	10228.166797797012	2.0	8.0	5150.84621044886	5943.536404160475	6586.796792979133	7155.277762937373	HARS1	653.0	647.0	0.0336906584992343	0.0200927357032457	0.2	1.6125530151888576	1.326138329766984	1.0	1.0	1.0	1.0	2.0	Charcot-Marie-Tooth disease, axonal, type 2W, 616625 (3), Autosomal dominant; Usher syndrome type 3B, 614504 (3), Autosomal recessive	Noncyclo_Allelic_Imbalance_isoform_top_ranked_data.tsv.gz											
PB.59138.483	Patient18	3	6	3	1	10	6	12	17	988	1387	12145.748987854253	12256.669069935111	5.0	5.0	5150.84621044886	5943.536404160475	6586.796792979133	7155.277762937373	HARS1	325.0	594.0	0.0369230769230769	0.0286195286195286	0.25	2.608306786318773	2.1450306269301547	1.0	1.0	1.0	1.0	3.0	Charcot-Marie-Tooth disease, axonal, type 2W, 616625 (3), Autosomal dominant; Usher syndrome type 3B, 614504 (3), Autosomal recessive	Noncyclo_Allelic_Imbalance_isoform_top_ranked_data.tsv.gz											
PB.59138.483	Patient27	1	4	1	7	5	9	6	21	917	1439	6543.075245365321	14593.467685892982	10.0	2.0	5150.84621044886	5943.536404160475	6586.796792979133	7155.277762937373	HARS1	324.0	534.0	0.0185185185185185	0.0393258426966292	-0.2857142857142857	2.805889582335812	2.307519622102844	1.0	1.0	1.0	1.0	2.0	Charcot-Marie-Tooth disease, axonal, type 2W, 616625 (3), Autosomal dominant; Usher syndrome type 3B, 614504 (3), Autosomal recessive	Noncyclo_Allelic_Imbalance_isoform_top_ranked_data.tsv.gz											
PB.59138.483	Patient29	5	4	5	3	9	4	14	16	1044	1857	13409.961685823757	8616.047388260635	4.0	13.0	5150.84621044886	5943.536404160475	6586.796792979133	7155.277762937373	HARS1	392.0	544.0	0.0357142857142857	0.0294117647058823	0.3846153846153846	3.700439718141092	3.0431836355124786	1.0	1.0	1.0	1.0	1.0	Charcot-Marie-Tooth disease, axonal, type 2W, 616625 (3), Autosomal dominant; Usher syndrome type 3B, 614504 (3), Autosomal recessive	Noncyclo_Allelic_Imbalance_isoform_top_ranked_data.tsv.gz											
PB.59138.487	Patient24	3	1	5	2	5	8	9	15	1059	1661	8498.5835694051	9030.704394942806	2.0	1.0	3759.398496240601	3765.060240963856	3911.017581172473	4131.14083226183	HARS1	475.0	805.0	0.0189473684210526	0.0186335403726708	-0.2307692307692307	2.1646184712917043	5.567764362830022	1.0	1.0	1.0	1.0	3.0	Charcot-Marie-Tooth disease, axonal, type 2W, 616625 (3), Autosomal dominant; Usher syndrome type 3B, 614504 (3), Autosomal recessive	Noncyclo_Allelic_Imbalance_isoform_top_ranked_data.tsv.gz											
PB.70308.16	Patient1	80	82	84	70	59	86	246	215	1902	1717	129337.53943217664	125218.4041933605	13.0	11.0	120689.6551724138	116909.18213748118	138557.387237657	129259.77389098969	VTA1	1133.0	979.0	0.2171226831421006	0.2196118488253319	-0.1862068965517241	3.8488110911635514	2.5339526028748702	1.0	1.0	1.0	1.0	2.0		Noncyclo_Allelic_Imbalance_isoform_top_ranked_data.tsv.gz											
PB.70308.16	Patient20	66	61	49	61	64	45	176	170	1888	1738	93220.33898305084	97813.57882623703	25.0	25.0	120689.6551724138	116909.18213748118	138557.387237657	129259.77389098969	VTA1	1110.0	862.0	0.1585585585585585	0.1972157772621809	0.1743119266055046	3.376009982261033	2.04626866847056	1.0	1.0	1.0	1.0	1.0		Noncyclo_Allelic_Imbalance_isoform_top_ranked_data.tsv.gz											
PB.70308.18	Patient23	0	3	4	21	22	12	7	55	665	1159	10526.315789473683	47454.70232959448	31.0	22.0	51724.137931034486	53097.345132743365	52791.50510828705	54522.69352716771	VTA1	127.0	581.0	0.0551181102362204	0.0946643717728055	0.2941176470588235	4.187603799204068	2.477353180191081	1.0	1.0	1.0	1.0	1.0		Noncyclo_Allelic_Imbalance_isoform_top_ranked_data.tsv.gz											
PB.70308.18	Patient9	30	49	44	40	40	23	123	103	1722	1493	71428.57142857142	68988.61352980576	3.0	3.0	51724.137931034486	53097.345132743365	52791.50510828705	54522.69352716771	VTA1	1124.0	909.0	0.1094306049822064	0.1133113311331133	0.2698412698412698	4.617983730749866	2.8411608303363294	1.0	1.0	1.0	1.0	1.0		Noncyclo_Allelic_Imbalance_isoform_top_ranked_data.tsv.gz											
PB.70308.21	Patient14	117	124	104	197	197	217	345	611	1161	1708	297157.62273901806	357728.337236534	7.0	2.0	259541.9847328244	283564.11800120404	260829.56428435983	283440.7847834908	VTA1	693.0	1194.0	0.4978354978354978	0.5117252931323283	-0.0483091787439613	1.2068968401256912	0.4862252142440958	1.0	1.0	1.0	1.0	1.0		Noncyclo_Allelic_Imbalance_isoform_top_ranked_data.tsv.gz											
PB.70308.26	Patient12	1	1	3	3	7	5	5	15	1791	2004	2791.736460078169	7485.029940119761	24.0	3.0	4206.098843322818	2927.400468384076	4173.63598258706	3414.373282954469	VTA1	1046.0	1180.0	0.0047801147227533	0.0127118644067796	0.1666666666666666	1.4878938713077388	5.56776436283002	1.0	1.0	1.0	1.0	3.0		Noncyclo_Allelic_Imbalance_isoform_top_ranked_data.tsv.gz											
PB.70308.41	Patient10	1	1	1	2	6	4	3	12	1394	2180	2152.080344332855	5504.587155963303	5.0	1.0	783.0853563038371	575.3739930955121	1048.6489098809243	897.904102148596	VTA1	741.0	1255.0	0.0040485829959514	0.0095617529880478	0.2	1.6125530151888576	5.567764362830024	1.0	1.0	1.0	1.0	3.0		Noncyclo_Allelic_Imbalance_isoform_top_ranked_data.tsv.gz											
PB.70308.42	Patient21	8	7	5	17	9	2	20	28	1417	1328	14114.326040931546	21084.33734939759	6.0	4.0	10647.010647010646	12436.844150796736	9958.494907074535	12753.648649879153	VTA1	626.0	737.0	0.0319488817891373	0.0379918588873812	0.6363636363636364	6.008913696943694	2.324369882960684	1.0	1.0	1.0	1.0	1.0		Noncyclo_Allelic_Imbalance_isoform_top_ranked_data.tsv.gz											
PB.70308.42	Patient3	4	5	0	6	4	11	9	21	1987	2019	4529.441368897837	10401.188707280831	28.0	19.0	10647.010647010646	12436.844150796736	9958.494907074535	12753.648649879153	VTA1	999.0	1000.0	0.009009009009009	0.021	-0.4666666666666667	4.934537242082041	1.8229528501222243	1.0	1.0	1.0	1.0	1.0		Noncyclo_Allelic_Imbalance_isoform_top_ranked_data.tsv.gz											
PB.70308.42	Patient4	9	4	9	3	9	12	22	24	1554	1450	14157.014157014157	16551.724137931036	5.0	7.0	10647.010647010646	12436.844150796736	9958.494907074535	12753.648649879153	VTA1	920.0	891.0	0.0239130434782608	0.0269360269360269	-0.1428571428571428	1.6625431975416274	0.2958963534403153	1.0	1.0	1.0	1.0	1.0		Noncyclo_Allelic_Imbalance_isoform_top_ranked_data.tsv.gz											
PB.161541.3	Patient1	0	0	0	0	0	0	0	0	1902	1717	0.0	0.0	30.0	31.0	2822.865208186309	3392.705682782019	3374.349287623454	4320.504916696668	novelGene_SRSF6_AS	0.0	0.0				101.67834770921836	5.257206020128558	1.0	1.0	1.0	1.0	1.0		Noncyclo_LOE_isoform_top_ranked_data.tsv.gz	4320.504916696668	3961.83098235658	-1.090532366458183								
PB.161541.4	Patient14	0	3	1	0	0	0	4	0	1161	1708	3445.305770887166	0.0	6.0	28.0	944.2870632672332	848.1764206955047	2194.2860325263987	1465.670973255149	novelGene_SRSF6_AS	9.0	6.0	0.4444444444444444	0.0		0.0	2.1787074655788907	1.0	1.0	1.0	1.0	1.0		Noncyclo_LOE_isoform_top_ranked_data.tsv.gz	1465.670973255149	1777.0814532920956	-0.8247629676962474								
PB.161541.4	Patient31	0	0	0	0	0	0	0	0	966	1858	0.0	0.0	26.5	28.0	944.2870632672332	848.1764206955047	2194.2860325263987	1465.670973255149	novelGene_SRSF6_AS	3.0	18.0	0.0	0.0		0.0	2.1787074655788907	1.0	1.0	1.0	1.0	1.0		Noncyclo_LOE_isoform_top_ranked_data.tsv.gz	1465.670973255149	1777.0814532920956	-0.8247629676962474								
PB.161541.4	Patient6	0	0	0	0	0	0	0	0	1602	1714	0.0	0.0	26.5	28.0	944.2870632672332	848.1764206955047	2194.2860325263987	1465.670973255149	novelGene_SRSF6_AS	2.0	1.0	0.0	0.0		0.0	2.1787074655788907	1.0	1.0	1.0	1.0	1.0		Noncyclo_LOE_isoform_top_ranked_data.tsv.gz	1465.670973255149	1777.0814532920956	-0.8247629676962474								
PB.161541.4	Patient7	2	0	0	0	0	0	2	0	1726	1705	1158.7485515643104	0.0	14.0	28.0	944.2870632672332	848.1764206955047	2194.2860325263987	1465.670973255149	novelGene_SRSF6_AS	3.0	2.0	0.6666666666666666	0.0		0.0	2.1787074655788907	1.0	1.0	1.0	1.0	1.0		Noncyclo_LOE_isoform_top_ranked_data.tsv.gz	1465.670973255149	1777.0814532920956	-0.8247629676962474								
PB.161551.18	Patient9	0	0	0	0	0	0	0	0	1722	1493	0.0	0.0	31.0	31.0	50237.61031907671	41351.1939429237	66146.65887260679	45828.29338733267	SRSF6	3.0	7.0	0.0	0.0		202.8622518731178	5.4858288774828825	1.0	1.0	1.0	1.0	1.0		Noncyclo_LOE_isoform_top_ranked_data.tsv.gz	45828.29338733267	30897.59039733579	-1.4832319542718877								
PB.161551.19	Patient10	0	0	0	0	0	0	0	0	1394	2180	0.0	0.0	29.0	29.0	7078.507078507078	5507.474429583005	16450.57042214269	9691.84586219	SRSF6	248.0	345.0	0.0	0.0		0.0	2.485825340943732	1.0	1.0	1.0	1.0	1.0		Noncyclo_LOE_isoform_top_ranked_data.tsv.gz	9691.84586219	10474.678769756129	-0.9252642563296142								
PB.161551.19	Patient29	2	1	0	0	0	0	3	0	1044	1857	2873.5632183908046	0.0	21.0	29.0	7078.507078507078	5507.474429583005	16450.57042214269	9691.84586219	SRSF6	61.0	35.0	0.0491803278688524	0.0		0.0	2.485825340943732	1.0	1.0	1.0	1.0	1.0		Noncyclo_LOE_isoform_top_ranked_data.tsv.gz	9691.84586219	10474.678769756129	-0.9252642563296142								
PB.161551.19	Patient30	0	0	2	0	0	0	2	0	1658	1808	1206.2726176115802	0.0	25.0	29.0	7078.507078507078	5507.474429583005	16450.57042214269	9691.84586219	SRSF6	496.0	127.0	0.0040322580645161	0.0		0.0	2.485825340943732	1.0	1.0	1.0	1.0	1.0		Noncyclo_LOE_isoform_top_ranked_data.tsv.gz	9691.84586219	10474.678769756129	-0.9252642563296142								
PB.161551.31	Patient20	0	0	0	0	0	0	0	0	1888	1738	0.0	0.0	27.5	26.5	3036.4372469635628	1843.3179723502303	3514.1734442161	2625.086178446902	SRSF6	54.0	81.0	0.0	0.0		0.0	1.9803693227111383	1.0	1.0	1.0	1.0	1.0		Noncyclo_LOE_isoform_top_ranked_data.tsv.gz	2625.086178446902	2971.02755035516	-0.8835617085183529								
PB.161551.31	Patient24	0	0	0	0	0	0	0	0	1059	1661	0.0	0.0	27.5	26.5	3036.4372469635628	1843.3179723502303	3514.1734442161	2625.086178446902	SRSF6	27.0	41.0	0.0	0.0		0.0	1.9803693227111383	1.0	1.0	1.0	1.0	1.0		Noncyclo_LOE_isoform_top_ranked_data.tsv.gz	2625.086178446902	2971.02755035516	-0.8835617085183529								
PB.161551.38	Patient17	5	4	3	0	0	0	12	0	975	1227	12307.692307692309	0.0	16.0	29.0	12307.692307692309	1843.3179723502303	24056.45237058164	27881.244818305106	SRSF6	56.0	25.0	0.2142857142857142	0.0		0.0	2.066013592443925	1.0	1.0	1.0	1.0	2.0		Noncyclo_LOE_isoform_top_ranked_data.tsv.gz	27881.244818305106	58330.05830470048	-0.4779910329021275								
PB.161551.38	Patient19	6	11	8	0	0	0	25	0	1229	1548	20341.74125305126	0.0	12.0	29.0	12307.692307692309	1843.3179723502303	24056.45237058164	27881.244818305106	SRSF6	74.0	31.0	0.3378378378378378	0.0		0.0	2.066013592443925	1.0	1.0	1.0	1.0	2.0		Noncyclo_LOE_isoform_top_ranked_data.tsv.gz	27881.244818305106	58330.05830470048	-0.4779910329021275								
PB.161551.38	Patient22	4	3	2	0	0	0	9	0	1221	2106	7371.007371007371	0.0	25.0	29.0	12307.692307692309	1843.3179723502303	24056.45237058164	27881.244818305106	SRSF6	58.0	43.0	0.1551724137931034	0.0		0.0	2.066013592443925	1.0	1.0	1.0	1.0	2.0		Noncyclo_LOE_isoform_top_ranked_data.tsv.gz	27881.244818305106	58330.05830470048	-0.4779910329021275								
PB.161551.572	Patient12	0	0	0	0	0	0	0	0	1791	2004	0.0	0.0	23.5	25.0	0.0	831.9467554076539	982.1561990253622	802.0300453852691	SRSF6	223.0	348.0	0.0	0.0		0.0	1.8919264393477893	1.0	1.0	1.0	1.0	1.0		Noncyclo_LOE_isoform_top_ranked_data.tsv.gz	802.0300453852691	901.0915553592606	-0.8900649890848259								
PB.161551.572	Patient18	0	0	0	0	0	0	0	0	988	1387	0.0	0.0	23.5	25.0	0.0	831.9467554076539	982.1561990253622	802.0300453852691	SRSF6	157.0	82.0	0.0	0.0		0.0	1.8919264393477893	1.0	1.0	1.0	1.0	1.0		Noncyclo_LOE_isoform_top_ranked_data.tsv.gz	802.0300453852691	901.0915553592606	-0.8900649890848259								
PB.161551.572	Patient26	0	0	0	0	0	0	0	0	1690	1469	0.0	0.0	23.5	25.0	0.0	831.9467554076539	982.1561990253622	802.0300453852691	SRSF6	668.0	201.0	0.0	0.0		0.0	1.8919264393477893	1.0	1.0	1.0	1.0	1.0		Noncyclo_LOE_isoform_top_ranked_data.tsv.gz	802.0300453852691	901.0915553592606	-0.8900649890848259								
PB.161551.572	Patient4	0	2	0	0	0	0	2	0	1554	1450	1287.001287001287	0.0	6.0	25.0	0.0	831.9467554076539	982.1561990253622	802.0300453852691	SRSF6	197.0	100.0	0.0101522842639593	0.0		0.0	1.8919264393477893	1.0	1.0	1.0	1.0	1.0		Noncyclo_LOE_isoform_top_ranked_data.tsv.gz	802.0300453852691	901.0915553592606	-0.8900649890848259								
PB.161551.572	Patient8	0	0	0	0	0	0	0	0	1359	1179	0.0	0.0	23.5	25.0	0.0	831.9467554076539	982.1561990253622	802.0300453852691	SRSF6	217.0	262.0	0.0	0.0		0.0	1.8919264393477893	1.0	1.0	1.0	1.0	1.0		Noncyclo_LOE_isoform_top_ranked_data.tsv.gz	802.0300453852691	901.0915553592606	-0.8900649890848259								
PB.161551.604	Patient27	0	0	0	0	0	0	0	0	917	1439	0.0	0.0	23.0	25.0	0.0	645.9948320413437	1393.892593594069	1060.6167864373883	SRSF6	92.0	45.0	0.0	0.0		0.0	1.760042764581211	1.0	1.0	1.0	1.0	1.0		Noncyclo_LOE_isoform_top_ranked_data.tsv.gz	1060.6167864373883	1363.7035733149542	-0.7777473104797926								
PB.59138.483	Patient13	5	1	4	2	1	0	10	3	2218	2495	4508.566275924256	1202.4048096192384	20.0	30.0	5150.84621044886	5943.536404160475	6586.796792979133	7155.277762937373	HARS1	548.0	488.0	0.0182481751824817	0.0061475409836065		-4.838306409114734	2.1886497968081837	1.0	1.0	1.0	1.0	2.0	Charcot-Marie-Tooth disease, axonal, type 2W, 616625 (3), Autosomal dominant; Usher syndrome type 3B, 614504 (3), Autosomal recessive	Noncyclo_LOE_isoform_top_ranked_data.tsv.gz	7155.277762937373	4270.420381327698	-1.3939782086435604								
PB.59138.487	Patient2	0	0	0	0	0	0	0	0	1277	1085	0.0	0.0	30.5	31.0	3759.398496240601	3765.060240963856	3911.017581172473	4131.14083226183	HARS1	145.0	71.0	0.0	0.0		123.17502176160914	5.487649376919903	1.0	1.0	1.0	1.0	1.0	Charcot-Marie-Tooth disease, axonal, type 2W, 616625 (3), Autosomal dominant; Usher syndrome type 3B, 614504 (3), Autosomal recessive	Noncyclo_LOE_isoform_top_ranked_data.tsv.gz	4131.14083226183	2167.384219004829	-1.9060491425736568								
PB.59138.488	Patient15	1	0	0	0	0	0	1	0	1376	2573	726.7441860465116	0.0	16.0	23.5	726.7441860465116	0.0	1231.04416041569	865.7269389952993	HARS1	427.0	988.0	0.0023419203747072	0.0		0.0	0.8334524824345995	1.0	1.0	1.0	1.0	1.0	Charcot-Marie-Tooth disease, axonal, type 2W, 616625 (3), Autosomal dominant; Usher syndrome type 3B, 614504 (3), Autosomal recessive	Noncyclo_LOE_isoform_top_ranked_data.tsv.gz	865.7269389952993	1350.8441643252168	-0.6408784683374291								
PB.70308.16	Patient25	47	36	38	38	42	53	121	133	1372	1946	88192.4198250729	68345.3237410072	26.0	31.0	120689.6551724138	116909.18213748118	138557.387237657	129259.77389098969	VTA1	664.0	856.0	0.1822289156626506	0.1553738317757009		1.551330267221759	1.8091478946736308	1.0	1.0	1.0	1.0	1.0		Noncyclo_LOE_isoform_top_ranked_data.tsv.gz	129259.77389098969	49977.64161416531	-1.218834026228187								
PB.70308.19	Patient11	0	0	3	0	0	0	3	0	1367	2226	2194.586686174104	0.0	12.0	31.0	1930.5019305019305	1725.625539257981	2222.732069702248	2316.8778126739057	VTA1	810.0	640.0	0.0037037037037037	0.0		99.49449260590498	5.383996524863227	1.0	1.0	1.0	1.0	1.0		Noncyclo_LOE_isoform_top_ranked_data.tsv.gz	2316.8778126739057	1546.961818278075	-1.4976955379886654								
PB.70308.26	Patient21	2	2	2	0	0	0	6	0	1417	1328	4234.297812279464	0.0	15.0	30.0	4206.098843322818	2927.400468384076	4173.63598258706	3414.373282954469	VTA1	626.0	737.0	0.0095846645367412	0.0		0.0	3.2192624303469777	1.0	1.0	1.0	1.0	2.0		Noncyclo_LOE_isoform_top_ranked_data.tsv.gz	3414.373282954469	2590.581075023304	-1.3179951462911674								
PB.70308.26	Patient23	0	0	0	0	0	0	0	0	665	1159	0.0	0.0	31.0	30.0	4206.098843322818	2927.400468384076	4173.63598258706	3414.373282954469	VTA1	127.0	581.0	0.0	0.0		0.0	3.2192624303469777	1.0	1.0	1.0	1.0	2.0		Noncyclo_LOE_isoform_top_ranked_data.tsv.gz	3414.373282954469	2590.581075023304	-1.3179951462911674								
PB.70308.26	Patient28	0	1	7	0	0	0	8	0	1473	1202	5431.093007467753	0.0	7.0	30.0	4206.098843322818	2927.400468384076	4173.63598258706	3414.373282954469	VTA1	851.0	786.0	0.0094007050528789	0.0		0.0	3.2192624303469777	1.0	1.0	1.0	1.0	2.0		Noncyclo_LOE_isoform_top_ranked_data.tsv.gz	3414.373282954469	2590.581075023304	-1.3179951462911674								
PB.70308.41	Patient16	0	1	0	0	0	0	1	0	1395	1271	716.8458781362007	0.0	19.0	26.0	783.0853563038371	575.3739930955121	1048.6489098809243	897.904102148596	VTA1	641.0	567.0	0.0015600624024961	0.0		0.0	1.8524976194803096	1.0	1.0	1.0	1.0	2.0		Noncyclo_LOE_isoform_top_ranked_data.tsv.gz	897.904102148596	1190.048814000147	-0.7545103121698375								
PB.70308.42	Patient5	6	3	3	3	0	2	12	5	1596	1993	7518.796992481202	2508.7807325639737	22.0	31.0	10647.010647010646	12436.844150796736	9958.494907074535	12753.648649879153	VTA1	676.0	862.0	0.0177514792899408	0.0058004640371229		12.780198563455844	3.681046399619478	1.0	1.0	1.0	1.0	1.0		Noncyclo_LOE_isoform_top_ranked_data.tsv.gz	12753.648649879153	6309.365575938769	-1.6237556366023136								
PB.70308.51	Patient3	4	4	3	1	1	1	11	3	1987	2019	5535.983895319578	1485.8841010401188	13.0	31.0	5128.205128205128	4624.871531346352	6192.791052583932	5630.091678763911	VTA1	999.0	1000.0	0.011011011011011	0.003		2.326535456074896	2.098773160029792	1.0	1.0	1.0	1.0	1.0		Noncyclo_LOE_isoform_top_ranked_data.tsv.gz	5630.091678763911	4349.700965422429	-0.9527568930985856								
PB.161541.4	Patient14	0	3	1	0	0	0	4	0	1161	1708	3445.305770887166	0.0	6.0	28.0	944.2870632672332	848.1764206955047	2194.2860325263987	1465.670973255149	novelGene_SRSF6_AS	9.0	6.0	0.4444444444444444	0.0		138.08704148430022	3.785615021323997	1.0	1.0	1.0	1.0	1.0		NMD_isoform_top_ranked_data.tsv.gz				0.0034453057708871	0.0	1.0	0.0	1.0			
PB.161541.4	Patient7	2	0	0	0	0	0	2	0	1726	1705	1158.7485515643104	0.0	14.0	28.0	944.2870632672332	848.1764206955047	2194.2860325263987	1465.670973255149	novelGene_SRSF6_AS	3.0	2.0	0.6666666666666666	0.0		103.63683910142652	2.8411730068784498	1.0	1.0	1.0	1.0	1.0		NMD_isoform_top_ranked_data.tsv.gz				0.0011587485515643	0.0	1.0	0.0	1.0			
PB.161551.113	Patient16	4	0	1	0	0	0	5	0	1395	1271	3584.229390681004	0.0	3.0	20.5	0.0	0.0	1593.7473141837554	932.8418843042036	SRSF6	93.0	54.0	0.053763440860215	0.0		139.43006566323675	2.367070112271565	1.0	1.0	1.0	1.0	1.0		NMD_isoform_top_ranked_data.tsv.gz				0.003584229390681	0.0	1.0	0.0	1.0			
PB.161551.121	Patient25	1	0	0	0	0	0	1	0	1372	1946	728.862973760933	0.0	5.0	18.5	0.0	0.0	553.9135859123627	92.02115523982648	SRSF6	341.0	346.0	0.002932551319648	0.0		90.48707464180796	1.7229254038272983	1.0	1.0	1.0	1.0	2.0		NMD_isoform_top_ranked_data.tsv.gz				0.0007288629737609	0.0	1.0	0.0	1.0			
PB.161551.166	Patient19	1	0	0	0	0	0	1	0	1229	1548	813.6696501220504	0.0	2.0	16.5	0.0	0.0	284.10273841308265	27.36052969985499	SRSF6	74.0	31.0	0.0135135135135135	0.0		93.52739414924416	2.580825808676081	1.0	1.0	1.0	1.0	2.0		NMD_isoform_top_ranked_data.tsv.gz				0.000813669650122	0.0	1.0	0.0	1.0			
PB.161551.166	Patient28	6	0	5	0	0	0	11	0	1473	1202	7467.75288526816	0.0	1.0	16.5	0.0	0.0	284.10273841308265	27.36052969985499	SRSF6	299.0	165.0	0.0367892976588628	0.0		165.55320989076677	4.568329960240981	1.0	1.0	1.0	1.0	1.0		NMD_isoform_top_ranked_data.tsv.gz				0.0074677528852681	0.0	1.0	0.0	1.0			
PB.161551.19	Patient29	2	1	0	0	0	0	3	0	1044	1857	2873.5632183908046	0.0	21.0	29.0	7078.507078507078	5507.474429583005	16450.57042214269	9691.84586219	SRSF6	61.0	35.0	0.0491803278688524	0.0		132.0058054307705	4.134115071666898	1.0	1.0	1.0	1.0	1.0		NMD_isoform_top_ranked_data.tsv.gz				0.0028735632183908	0.0	1.0	0.0	1.0			
PB.161551.19	Patient30	0	0	2	0	0	0	2	0	1658	1808	1206.2726176115802	0.0	25.0	29.0	7078.507078507078	5507.474429583005	16450.57042214269	9691.84586219	SRSF6	496.0	127.0	0.0040322580645161	0.0		104.8193676036226	3.25887862892693	1.0	1.0	1.0	1.0	1.0		NMD_isoform_top_ranked_data.tsv.gz				0.0012062726176115	0.0	1.0	0.0	1.0			
PB.161551.263	Patient24	0	1	0	0	0	0	1	0	1059	1661	944.2870632672332	0.0	2.0	16.5	0.0	0.0	1541.5311049250515	2173.7963609038698	SRSF6	27.0	41.0	0.037037037037037	0.0		97.72056706556404	5.533310373668673	1.0	1.0	1.0	1.0	1.0		NMD_isoform_top_ranked_data.tsv.gz				0.0009442870632672	0.0	1.0	0.0	1.0			
PB.161551.31	Patient10	3	4	5	0	0	0	12	0	1394	2180	8608.32137733142	0.0	5.0	26.5	3036.4372469635628	1843.3179723502303	3514.1734442161	2625.086178446902	SRSF6	248.0	345.0	0.0483870967741935	0.0		170.87110790571364	3.829838145598637	1.0	1.0	1.0	1.0	1.0		NMD_isoform_top_ranked_data.tsv.gz				0.0086083213773314	0.0	1.0	0.0	1.0			
PB.161551.31	Patient22	0	0	1	0	0	0	1	0	1221	2106	819.0008190008191	0.0	21.0	26.5	3036.4372469635628	1843.3179723502303	3514.1734442161	2625.086178446902	SRSF6	58.0	43.0	0.0172413793103448	0.0		93.7093824259482	2.0976782076602127	1.0	1.0	1.0	1.0	2.0		NMD_isoform_top_ranked_data.tsv.gz				0.0008190008190008	0.0	1.0	0.0	1.0			
PB.161551.35	Patient15	0	0	1	0	0	0	1	0	1376	2573	726.7441860465116	0.0	5.0	17.5	0.0	0.0	1437.072684758524	111.6836721251508	SRSF6	324.0	294.0	0.0030864197530864	0.0		90.40735198506631	2.5688798774859603	1.0	1.0	1.0	1.0	2.0		NMD_isoform_top_ranked_data.tsv.gz				0.0007267441860465	0.0	1.0	0.0	1.0			
PB.161551.53	Patient13	0	0	1	0	0	0	1	0	2218	2495	450.8566275924256	0.0	5.0	18.0	0.0	0.0	2860.460827323184	1015.3048038106308	SRSF6	387.0	696.0	0.0025839793281653	0.0		77.81561197144534	2.9991103142580195	1.0	1.0	1.0	1.0	1.0		NMD_isoform_top_ranked_data.tsv.gz				0.0004508566275924	0.0	1.0	0.0	1.0			
PB.161551.53	Patient31	1	0	1	0	0	0	2	0	966	1858	2070.393374741201	0.0	4.0	18.0	0.0	0.0	2860.460827323184	1015.3048038106308	SRSF6	153.0	125.0	0.0130718954248366	0.0		121.36842796245614	4.677689925012136	1.0	1.0	1.0	1.0	1.0		NMD_isoform_top_ranked_data.tsv.gz				0.0020703933747412	0.0	1.0	0.0	1.0			
PB.161551.569	Patient17	0	1	0	0	0	0	1	0	975	1227	1025.6410256410256	0.0	8.0	21.0	0.0	0.0	1084.2824272136495	368.18156622775007	SRSF6	56.0	25.0	0.0178571428571428	0.0		100.08838682616285	3.9651653469381167	1.0	1.0	1.0	1.0	2.0		NMD_isoform_top_ranked_data.tsv.gz				0.001025641025641	0.0	1.0	0.0	1.0			
PB.161551.572	Patient4	0	2	0	0	0	0	2	0	1554	1450	1287.001287001287	0.0	6.0	25.0	0.0	831.9467554076539	982.1561990253622	802.0300453852691	SRSF6	197.0	100.0	0.0101522842639593	0.0		106.73944053842546	4.688734609026589	1.0	1.0	1.0	1.0	2.0		NMD_isoform_top_ranked_data.tsv.gz				0.0012870012870012	0.0	1.0	0.0	1.0			
PB.161551.582	Patient12	1	0	0	0	0	0	1	0	1791	2004	558.3472920156337	0.0	14.0	22.0	0.0	0.0	1579.6408362637187	696.1926290120907	SRSF6	223.0	348.0	0.0044843049327354	0.0		83.33661226382472	2.518650707517808	1.0	1.0	1.0	1.0	1.0		NMD_isoform_top_ranked_data.tsv.gz				0.0005583472920156	0.0	1.0	0.0	1.0			
PB.161551.582	Patient18	2	0	3	0	0	0	5	0	988	1387	5060.728744939272	0.0	3.0	22.0	0.0	0.0	1579.6408362637187	696.1926290120907	SRSF6	157.0	82.0	0.0318471337579617	0.0		151.4267324948669	4.576512490427488	1.0	1.0	1.0	1.0	1.0		NMD_isoform_top_ranked_data.tsv.gz				0.0050607287449392	0.0	1.0	0.0	1.0			
PB.161551.598	Patient27	1	2	8	0	0	1	11	1	917	1439	11995.637949836422	694.9270326615705	1.0	6.0	0.0	0.0	696.8469069485643	329.5465345074112	SRSF6	92.0	45.0	0.1195652173913043	0.0222222222222222		55.65920731443527	4.9821612440158605	1.0	1.0	1.0	1.0	2.0		NMD_isoform_top_ranked_data.tsv.gz				0.0119956379498364	0.0006949270326615	0.945240654484653	0.0547593455153469	0.890481308969306			
PB.161551.604	Patient1	1	0	1	0	0	0	2	0	1902	1717	1051.5247108307044	0.0	12.0	25.0	0.0	645.9948320413437	1393.892593594069	1060.6167864373883	SRSF6	191.0	95.0	0.0104712041884816	0.0		100.80809378503749	4.56717276509249	1.0	1.0	1.0	1.0	2.0		NMD_isoform_top_ranked_data.tsv.gz				0.0010515247108307	0.0	1.0	0.0	1.0			
PB.161551.68	Patient26	3	6	2	0	0	0	11	0	1690	1469	6508.87573964497	0.0	3.0	21.0	957.854406130268	0.0	2086.813695866513	2040.7351218753147	SRSF6	668.0	201.0	0.0164670658682634	0.0		160.49152794020398	2.238776399369391	1.0	1.0	1.0	1.0	1.0		NMD_isoform_top_ranked_data.tsv.gz				0.0065088757396449	0.0	1.0	0.0	1.0			
PB.59138.482	Patient23	0	1	0	0	0	0	1	0	665	1159	1503.7593984962407	0.0	5.0	21.5	0.0	0.0	541.314056630287	756.8068499073898	HARS1	495.0	545.0	0.002020202020202	0.0		111.42483593881268	3.352913838762689	1.0	1.0	1.0	1.0	1.0	Charcot-Marie-Tooth disease, axonal, type 2W, 616625 (3), Autosomal dominant; Usher syndrome type 3B, 614504 (3), Autosomal recessive	NMD_isoform_top_ranked_data.tsv.gz				0.0015037593984962	0.0	1.0	0.0	1.0			
PB.59138.482	Patient6	0	1	1	0	0	0	2	0	1602	1714	1248.4394506866415	0.0	6.0	21.5	0.0	0.0	541.314056630287	756.8068499073898	HARS1	657.0	531.0	0.0030441400304414	0.0		105.83558538668356	3.184726240668879	1.0	1.0	1.0	1.0	1.0	Charcot-Marie-Tooth disease, axonal, type 2W, 616625 (3), Autosomal dominant; Usher syndrome type 3B, 614504 (3), Autosomal recessive	NMD_isoform_top_ranked_data.tsv.gz				0.0012484394506866	0.0	1.0	0.0	1.0			
PB.59138.484	Patient3	0	1	0	0	0	0	1	0	1987	2019	503.2712632108706	0.0	15.0	25.5	0.0	538.2131324004305	1615.341774683844	1397.475271755191	HARS1	609.0	838.0	0.0016420361247947	0.0		80.63115352051496	3.3842924374831806	1.0	1.0	1.0	1.0	2.0	Charcot-Marie-Tooth disease, axonal, type 2W, 616625 (3), Autosomal dominant; Usher syndrome type 3B, 614504 (3), Autosomal recessive	NMD_isoform_top_ranked_data.tsv.gz				0.0005032712632108	0.0	1.0	0.0	1.0			
PB.59138.484	Patient9	0	0	1	0	0	0	1	0	1722	1493	580.7200929152149	0.0	13.0	25.5	0.0	538.2131324004305	1615.341774683844	1397.475271755191	HARS1	592.0	547.0	0.0016891891891891	0.0		84.37194430904054	3.5413028413166425	1.0	1.0	1.0	1.0	1.0	Charcot-Marie-Tooth disease, axonal, type 2W, 616625 (3), Autosomal dominant; Usher syndrome type 3B, 614504 (3), Autosomal recessive	NMD_isoform_top_ranked_data.tsv.gz				0.0005807200929152	0.0	1.0	0.0	1.0			
PB.59138.488	Patient20	3	3	0	0	0	0	6	0	1888	1738	3177.966101694916	0.0	3.0	23.5	726.7441860465116	0.0	1231.04416041569	865.7269389952993	HARS1	715.0	781.0	0.0083916083916083	0.0		135.36319097664926	2.352717149516757	1.0	1.0	1.0	1.0	1.0	Charcot-Marie-Tooth disease, axonal, type 2W, 616625 (3), Autosomal dominant; Usher syndrome type 3B, 614504 (3), Autosomal recessive	NMD_isoform_top_ranked_data.tsv.gz				0.0031779661016949	0.0	1.0	0.0	1.0			
PB.59138.501	Patient2	18	26	30	0	0	0	74	0	1277	1085	57948.316366483945	0.0	1.0	16.0	0.0	0.0	1869.300527951095	0.0	HARS1	145.0	71.0	0.5103448275862069	0.0		250.3520274138196	5.567764362830022	1.0	1.0	1.0	1.0	1.0	Charcot-Marie-Tooth disease, axonal, type 2W, 616625 (3), Autosomal dominant; Usher syndrome type 3B, 614504 (3), Autosomal recessive	NMD_isoform_top_ranked_data.tsv.gz				0.0579483163664839	0.0	1.0	0.0	1.0			
PB.70308.19	Patient11	0	0	3	0	0	0	3	0	1367	2226	2194.586686174104	0.0	12.0	31.0	1930.5019305019305	1725.625539257981	2222.732069702248	2316.8778126739057	VTA1	810.0	640.0	0.0037037037037037	0.0		123.22596776535738	5.106080066490482	1.0	1.0	1.0	1.0	1.0		NMD_isoform_top_ranked_data.tsv.gz				0.0021945866861741	0.0	1.0	0.0	1.0			
PB.70308.26	Patient21	2	2	2	0	0	0	6	0	1417	1328	4234.297812279464	0.0	15.0	30.0	4206.098843322818	2927.400468384076	4173.63598258706	3414.373282954469	VTA1	626.0	737.0	0.0095846645367412	0.0		145.16437630484845	3.7380102177118575	1.0	1.0	1.0	1.0	1.0		NMD_isoform_top_ranked_data.tsv.gz				0.0042342978122794	0.0	1.0	0.0	1.0			
PB.70308.42	Patient5	6	3	3	3	0	2	12	5	1596	1993	7518.796992481202	2508.7807325639737	22.0	31.0	10647.010647010646	12436.844150796736	9958.494907074535	12753.648649879153	VTA1	676.0	862.0	0.0177514792899408	0.0058004640371229		20.38547305303627	2.44611757006667	1.0	1.0	1.0	1.0	1.0		NMD_isoform_top_ranked_data.tsv.gz				0.0075187969924812	0.0025087807325639	0.7498118886380738	0.2501881113619262	0.4996237772761475			
PB.70308.42	Patient8	8	4	5	3	1	3	17	7	1359	1179	12509.197939661515	5937.234944868533	8.0	28.0	10647.010647010646	12436.844150796736	9958.494907074535	12753.648649879153	VTA1	726.0	648.0	0.0234159779614325	0.0108024691358024		14.631732322573113	1.8999600330155269	1.0	1.0	1.0	1.0	1.0		NMD_isoform_top_ranked_data.tsv.gz				0.0125091979396615	0.0059372349448685	0.678136419001218	0.321863580998782	0.356272838002436			
PB.161551.121	Patient6	0	0	0	0	1	0	0	1	1602	1714	0.0	583.4305717619603	20.5	2.0	0.0	0.0	553.9135859123627	92.02115523982648	SRSF6	77.0	89.0	0.0	0.0112359550561797		-0.6521399930854379	2.656708797995122	1.0	1.0	1.0	1.0	1.0		Noncyclo_GOE_isoform_top_ranked_data.tsv.gz	92.02115523982648	226.11066238837705	2.173313771811737								
PB.161551.166	Patient8	0	0	0	0	0	1	0	1	1359	1179	0.0	848.1764206955047	17.5	1.0	0.0	0.0	284.10273841308265	27.36052969985499	SRSF6	217.0	262.0	0.0	0.0038167938931297		9.729920501882418	5.567764362830022	1.0	1.0	1.0	1.0	1.0		Noncyclo_GOE_isoform_top_ranked_data.tsv.gz	27.36052969985499	152.33698221100502	5.388159060803247								
PB.161551.22	Patient13	0	0	0	9	7	14	0	30	2218	2495	0.0	12024.048096192384	25.5	1.0	813.6696501220504	0.0	1372.4935552085096	1686.99992983565	SRSF6	387.0	696.0	0.0	0.043103448275862		0.3348336327475777	2.558753617733712	1.0	1.0	1.0	1.0	1.0		Noncyclo_GOE_isoform_top_ranked_data.tsv.gz	1686.99992983565	3537.709489716852	2.9219607196135486								
PB.161551.263	Patient28	25	19	25	34	17	30	69	81	1473	1202	46843.17718940937	67387.68718801996	1.0	1.0	0.0	0.0	1541.5311049250515	2173.7963609038698	SRSF6	299.0	165.0	0.2307692307692307	0.4909090909090909		16.04021880022073	5.5677643628300215	1.0	1.0	1.0	1.0	1.0		Noncyclo_GOE_isoform_top_ranked_data.tsv.gz	2173.7963609038698	12103.185910290156	5.388159060803246								
PB.161551.35	Patient9	0	0	0	1	0	1	0	2	1722	1493	0.0	1339.5847287340923	18.5	2.0	0.0	0.0	1437.072684758524	111.6836721251508	SRSF6	3.0	7.0	0.0	0.2857142857142857		-0.3125674986276103	3.4130493271016533	1.0	1.0	1.0	1.0	1.0		Noncyclo_GOE_isoform_top_ranked_data.tsv.gz	111.6836721251508	382.3950112081929	3.2110802197166146								
PB.161551.51	Patient18	0	0	2	0	0	2	2	2	988	1387	2024.2914979757088	1441.9610670511895	8.0	8.0	0.0	0.0	1473.3934869156656	889.2655802983257	SRSF6	157.0	82.0	0.0127388535031847	0.024390243902439		-1.9163981200800169	1.9677948390559128	1.0	1.0	1.0	1.0	1.0		Noncyclo_GOE_isoform_top_ranked_data.tsv.gz	889.2655802983257	1347.6890146738165	0.4101061006916596								
PB.161551.53	Patient10	7	11	11	5	9	6	29	20	1394	2180	20803.44332855093	9174.311926605506	2.0	2.0	0.0	0.0	2860.460827323184	1015.3048038106308	SRSF6	248.0	345.0	0.1169354838709677	0.0579710144927536		-0.854825656581758	3.061312941517805	1.0	1.0	1.0	1.0	1.0		Noncyclo_GOE_isoform_top_ranked_data.tsv.gz	1015.3048038106308	3431.1727505794142	2.377906248356945								
PB.161551.53	Patient30	36	29	34	9	9	12	99	30	1658	1808	59710.49457177322	16592.920353982303	1.0	1.0	0.0	0.0	2860.460827323184	1015.3048038106308	SRSF6	496.0	127.0	0.1995967741935483	0.2362204724409448		0.8548256565817581	3.458909416186185	1.0	1.0	1.0	1.0	1.0		Noncyclo_GOE_isoform_top_ranked_data.tsv.gz	1015.3048038106308	3431.1727505794142	4.540026598060711								
PB.161551.53	Patient5	6	2	1	5	3	2	9	10	1596	1993	5639.097744360902	5017.561465127948	3.0	3.0	0.0	0.0	2860.460827323184	1015.3048038106308	SRSF6	354.0	682.0	0.0254237288135593	0.0146627565982404		-1.7253089764730989	2.858873358322327	1.0	1.0	1.0	1.0	1.0		Noncyclo_GOE_isoform_top_ranked_data.tsv.gz	1015.3048038106308	3431.1727505794142	1.166439859561564								
PB.161551.569	Patient15	0	1	1	1	1	1	2	3	1376	2573	1453.4883720930231	1165.954139137194	6.0	5.0	0.0	0.0	1084.2824272136495	368.18156622775007	SRSF6	324.0	294.0	0.0061728395061728	0.010204081632653		-1.2882154966850987	2.1267321664688543	1.0	1.0	1.0	1.0	1.0		Noncyclo_GOE_isoform_top_ranked_data.tsv.gz	368.18156622775007	672.3515069586703	1.1865409159534812								
PB.161551.569	Patient27	4	5	3	0	2	0	12	2	917	1439	13086.150490730644	1389.854065323141	1.0	3.0	0.0	0.0	1084.2824272136495	368.18156622775007	SRSF6	92.0	45.0	0.1304347826086956	0.0444444444444444		-1.0349923077115648	2.179589427297661	1.0	1.0	1.0	1.0	1.0		Noncyclo_GOE_isoform_top_ranked_data.tsv.gz	368.18156622775007	672.3515069586703	1.5195511403207036								
PB.161551.582	Patient16	4	2	3	3	1	1	9	5	1395	1271	6451.612903225807	3933.910306845004	2.0	1.0	0.0	0.0	1579.6408362637187	696.1926290120907	SRSF6	93.0	54.0	0.0967741935483871	0.0925925925925925		0.3851070024434856	2.331337764765556	1.0	1.0	1.0	1.0	1.0		Noncyclo_GOE_isoform_top_ranked_data.tsv.gz	696.1926290120907	1085.639004569268	2.9823151749392904								
PB.161551.582	Patient17	0	2	1	1	0	0	3	1	975	1227	3076.923076923077	814.9959250203749	5.0	10.0	0.0	0.0	1579.6408362637187	696.1926290120907	SRSF6	56.0	25.0	0.0535714285714285	0.04		-2.269696898327727	1.829258336588408	1.0	1.0	1.0	1.0	1.0		Noncyclo_GOE_isoform_top_ranked_data.tsv.gz	696.1926290120907	1085.639004569268	0.1094316761909451								
PB.161551.598	Patient14	0	0	0	0	1	0	0	1	1161	1708	0.0	585.4800936768149	18.5	7.0	0.0	0.0	696.8469069485643	329.5465345074112	SRSF6	121.0	44.0	0.0	0.0227272727272727		-2.1993359508722565	1.992480224693555	1.0	1.0	1.0	1.0	1.0		Noncyclo_GOE_isoform_top_ranked_data.tsv.gz	329.5465345074112	654.2185420886813	0.3912049914579021								
PB.161551.598	Patient20	1	1	2	0	2	0	4	2	1888	1738	2118.64406779661	1150.7479861910242	3.0	3.0	0.0	0.0	696.8469069485643	329.5465345074112	SRSF6	54.0	81.0	0.074074074074074	0.0246913580246913		-1.2256649216555575	2.2034451312936527	1.0	1.0	1.0	1.0	1.0		Noncyclo_GOE_isoform_top_ranked_data.tsv.gz	329.5465345074112	654.2185420886813	1.2552402581892836								
PB.161551.598	Patient26	0	0	0	1	2	0	0	3	1690	1469	0.0	2042.2055820285907	18.5	2.0	0.0	0.0	696.8469069485643	329.5465345074112	SRSF6	668.0	201.0	0.0	0.0149253731343283		-0.3986556254805256	2.3826328997387463	1.0	1.0	1.0	1.0	1.0		Noncyclo_GOE_isoform_top_ranked_data.tsv.gz	329.5465345074112	654.2185420886813	2.617869927766467								
PB.161551.598	Patient29	3	1	1	1	3	1	5	5	1044	1857	4789.272030651341	2692.5148088314486	2.0	1.0	0.0	0.0	696.8469069485643	329.5465345074112	SRSF6	61.0	35.0	0.081967213114754	0.1428571428571428		0.3986556254805255	2.555386004784424	1.0	1.0	1.0	1.0	1.0		Noncyclo_GOE_isoform_top_ranked_data.tsv.gz	329.5465345074112	654.2185420886813	3.611894378260728								
PB.161551.598	Patient31	0	0	0	1	0	1	0	2	966	1858	0.0	1076.426264800861	18.5	4.0	0.0	0.0	696.8469069485643	329.5465345074112	SRSF6	153.0	125.0	0.0	0.016		-1.3219008572704056	2.1825937301947698	1.0	1.0	1.0	1.0	1.0		Noncyclo_GOE_isoform_top_ranked_data.tsv.gz	329.5465345074112	654.2185420886813	1.1416364444653848								
PB.161551.61	Patient7	1	0	0	5	8	10	1	23	1726	1705	579.3742757821552	13489.736070381232	11.0	4.0	0.0	0.0	4137.538206592386	5096.228719210569	SRSF6	262.0	375.0	0.0038167938931297	0.0613333333333333		-2.349058079204164	2.285209711022899	1.0	1.0	1.0	1.0	1.0		Noncyclo_GOE_isoform_top_ranked_data.tsv.gz	5096.228719210569	14236.45635603268	0.5895784134240629								
PB.161551.77	Patient22	1	5	1	0	0	2	7	2	1221	2106	5733.0057330057325	949.667616334283	3.0	2.0	0.0	0.0	908.8868852412488	130.2783965527929	SRSF6	58.0	43.0	0.1206896551724138	0.0465116279069767		-0.4958494823569211	2.876222333620833	1.0	1.0	1.0	1.0	1.0		Noncyclo_GOE_isoform_top_ranked_data.tsv.gz	130.2783965527929	351.37942195543854	2.331921474574581								
PB.59138.482	Patient21	1	1	1	1	0	3	3	4	1417	1328	2117.148906139732	3012.0481927710844	2.0	3.0	0.0	0.0	541.314056630287	756.8068499073898	HARS1	446.0	461.0	0.0067264573991031	0.0086767895878524		-0.7173546863694377	2.186910042104559	1.0	1.0	1.0	1.0	1.0	Charcot-Marie-Tooth disease, axonal, type 2W, 616625 (3), Autosomal dominant; Usher syndrome type 3B, 614504 (3), Autosomal recessive	Noncyclo_GOE_isoform_top_ranked_data.tsv.gz	756.8068499073898	1308.5906324244283	1.7234124156042632								
PB.59138.482	Patient24	2	2	0	2	1	1	4	4	1059	1661	3777.148253068933	2408.187838651415	1.0	5.0	0.0	0.0	541.314056630287	756.8068499073898	HARS1	475.0	805.0	0.0084210526315789	0.0049689440993788		-1.0400315534798985	2.1258505292090786	1.0	1.0	1.0	1.0	1.0	Charcot-Marie-Tooth disease, axonal, type 2W, 616625 (3), Autosomal dominant; Usher syndrome type 3B, 614504 (3), Autosomal recessive	Noncyclo_GOE_isoform_top_ranked_data.tsv.gz	756.8068499073898	1308.5906324244283	1.2619538515910882								
PB.59138.482	Patient25	0	0	1	3	1	2	1	6	1372	1946	728.862973760933	3083.247687564234	9.0	2.0	0.0	0.0	541.314056630287	756.8068499073898	HARS1	354.0	738.0	0.0028248587570621	0.008130081300813		-0.6836598061158989	2.193286058438721	1.0	1.0	1.0	1.0	1.0	Charcot-Marie-Tooth disease, axonal, type 2W, 616625 (3), Autosomal dominant; Usher syndrome type 3B, 614504 (3), Autosomal recessive	Noncyclo_GOE_isoform_top_ranked_data.tsv.gz	756.8068499073898	1308.5906324244283	1.777821711398501								
PB.59138.482	Patient3	1	1	0	5	5	0	2	10	1987	2019	1006.5425264217412	4952.947003467063	7.0	1.0	0.0	0.0	541.314056630287	756.8068499073898	HARS1	609.0	838.0	0.0032840722495894	0.0119331742243436		0.6836598061158988	2.452021276252556	1.0	1.0	1.0	1.0	1.0	Charcot-Marie-Tooth disease, axonal, type 2W, 616625 (3), Autosomal dominant; Usher syndrome type 3B, 614504 (3), Autosomal recessive	Noncyclo_GOE_isoform_top_ranked_data.tsv.gz	756.8068499073898	1308.5906324244283	3.206610264193529								
PB.59138.482	Patient4	1	1	1	1	1	2	3	4	1554	1450	1930.5019305019305	2758.620689655172	3.0	4.0	0.0	0.0	541.314056630287	756.8068499073898	HARS1	420.0	453.0	0.0071428571428571	0.0088300220750551		-0.844108453000519	2.162924674583584	1.0	1.0	1.0	1.0	1.0	Charcot-Marie-Tooth disease, axonal, type 2W, 616625 (3), Autosomal dominant; Usher syndrome type 3B, 614504 (3), Autosomal recessive	Noncyclo_GOE_isoform_top_ranked_data.tsv.gz	756.8068499073898	1308.5906324244283	1.52974795183962								
PB.59138.485	Patient11	0	0	0	1	2	2	0	5	1367	2226	0.0	2246.1814914645106	25.0	1.0	813.6696501220504	0.0	1516.8430885559874	200.4340291466216	HARS1	252.0	431.0	0.0	0.0116009280742459		1.1695542989633632	2.94306819119342	1.0	1.0	1.0	1.0	1.0	Charcot-Marie-Tooth disease, axonal, type 2W, 616625 (3), Autosomal dominant; Usher syndrome type 3B, 614504 (3), Autosomal recessive	Noncyclo_GOE_isoform_top_ranked_data.tsv.gz	200.4340291466216	468.18317911687456	4.369544984885501								
PB.59138.485	Patient19	0	0	1	0	1	0	1	1	1229	1548	813.6696501220504	645.9948320413437	16.0	4.0	813.6696501220504	0.0	1516.8430885559874	200.4340291466216	HARS1	419.0	582.0	0.0023866348448687	0.0017182130584192		-1.7962905534540048	2.2336184080658428	1.0	1.0	1.0	1.0	1.0	Charcot-Marie-Tooth disease, axonal, type 2W, 616625 (3), Autosomal dominant; Usher syndrome type 3B, 614504 (3), Autosomal recessive	Noncyclo_GOE_isoform_top_ranked_data.tsv.gz	200.4340291466216	468.18317911687456	0.9516805019248564								
PB.59138.526	Patient12	2	10	9	10	5	8	21	23	1791	2004	11725.293132328308	11477.045908183632	3.0	1.0	728.862973760933	0.0	2209.778819577161	1444.6998029576428	HARS1	520.0	462.0	0.0403846153846153	0.0497835497835497		0.5051553336759335	2.4901083013282923	1.0	1.0	1.0	1.0	1.0	Charcot-Marie-Tooth disease, axonal, type 2W, 616625 (3), Autosomal dominant; Usher syndrome type 3B, 614504 (3), Autosomal recessive	Noncyclo_GOE_isoform_top_ranked_data.tsv.gz	1444.6998029576428	2829.219828564638	3.5459761747519454								
PB.70308.12	Patient1	74	60	50	65	58	59	184	182	1902	1717	96740.27339642482	105998.8351776354	3.0	3.0	53201.08205590622	52974.73512632437	55866.81242785061	62448.41442168233	VTA1	1133.0	979.0	0.1624007060900265	0.1859039836567926		-2.363644792596199	1.606541502910038	1.0	1.0	1.0	1.0	1.0		Noncyclo_GOE_isoform_top_ranked_data.tsv.gz	62448.41442168233	27085.00860703385	1.6079160759300342								
PB.70308.18	Patient2	44	28	34	33	31	36	106	100	1277	1085	83007.04776820673	92165.89861751151	1.0	1.0	51724.137931034486	53097.345132743365	52791.50510828705	54522.69352716771	VTA1	1009.0	937.0	0.1050545094152626	0.1067235859124866		5.2985765184069455	2.789734856561876	1.0	1.0	1.0	1.0	1.0		Noncyclo_GOE_isoform_top_ranked_data.tsv.gz	54522.69352716771	13430.477873422298	2.8028194860315674								
PB.70308.51	Patient23	0	0	0	5	4	3	0	12	665	1159	0.0	10353.753235547883	31.0	3.0	5128.205128205128	4624.871531346352	6192.791052583932	5630.091678763911	VTA1	127.0	581.0	0.0	0.0206540447504302		-14.854993024651453	1.2303960165865506	1.0	1.0	1.0	1.0	1.0		Noncyclo_GOE_isoform_top_ranked_data.tsv.gz	5630.091678763911	4349.700965422429	1.0859738621883004								
PB.161551.113	Patient14	3	0	1	0	0	0	4	0	1161	1708	3445.305770887166	0.0	4.0	20.5	0.0	0.0	1593.7473141837554	932.8418843042036	SRSF6	121.0	44.0	0.0330578512396694	0.0		-2.656258267880012	2.0225139582653666	1.0	1.0	1.0	1.0	1.0		Cyclo_GOE_isoform_top_ranked_data.tsv.gz									1593.7473141837554	3954.535401451566	0.4682113747227477
PB.161551.113	Patient16	4	0	1	0	0	0	5	0	1395	1271	3584.229390681004	0.0	3.0	20.5	0.0	0.0	1593.7473141837554	932.8418843042036	SRSF6	93.0	54.0	0.053763440860215	0.0		-2.5992435485446026	2.032327138838658	1.0	1.0	1.0	1.0	1.0		Cyclo_GOE_isoform_top_ranked_data.tsv.gz									1593.7473141837554	3954.535401451566	0.5033415747818605
PB.161551.166	Patient1	1	0	0	0	0	0	1	0	1902	1717	525.7623554153522	0.0	3.0	16.5	0.0	0.0	284.10273841308265	27.36052969985499	SRSF6	191.0	95.0	0.0052356020942408	0.0		-3.825643211787312	2.4939111482035696	1.0	1.0	1.0	1.0	1.0		Cyclo_GOE_isoform_top_ranked_data.tsv.gz									284.10273841308265	1344.1685430548305	0.1797837170427011
PB.161551.166	Patient19	1	0	0	0	0	0	1	0	1229	1548	813.6696501220504	0.0	2.0	16.5	0.0	0.0	284.10273841308265	27.36052969985499	SRSF6	74.0	31.0	0.0135135135135135	0.0		-3.196580297477434	2.6674346025444247	1.0	1.0	1.0	1.0	1.0		Cyclo_GOE_isoform_top_ranked_data.tsv.gz									284.10273841308265	1344.1685430548305	0.3939735938957812
PB.161551.263	Patient28	25	19	25	34	17	30	69	81	1473	1202	46843.17718940937	67387.68718801996	1.0	1.0	0.0	0.0	1541.5311049250515	2173.7963609038698	SRSF6	299.0	165.0	0.2307692307692307	0.4909090909090909		5.630973408167303	5.1096927606888105	1.0	1.0	1.0	1.0	1.0		Cyclo_GOE_isoform_top_ranked_data.tsv.gz									1541.5311049250515	8409.33819172722	5.387064362454862
PB.161551.51	Patient11	2	0	3	1	2	0	5	3	1367	2226	3657.64447695684	1347.7088948787064	4.0	9.0	0.0	0.0	1473.3934869156656	889.2655802983257	SRSF6	299.0	1145.0	0.0167224080267558	0.0026200873362445		-1.459273777616012	1.9835125527339716	1.0	1.0	1.0	1.0	1.0		Cyclo_GOE_isoform_top_ranked_data.tsv.gz									1473.3934869156656	2586.26385969691	0.8445584474498095
PB.161551.51	Patient12	0	2	3	0	1	3	5	4	1791	2004	2791.736460078169	1996.007984031936	5.0	5.0	0.0	0.0	1473.3934869156656	889.2655802983257	SRSF6	223.0	348.0	0.0224215246636771	0.0114942528735632		-1.8489035700793173	1.975983091380683	1.0	1.0	1.0	1.0	1.0		Cyclo_GOE_isoform_top_ranked_data.tsv.gz									1473.3934869156656	2586.26385969691	0.5097480553732066
PB.161551.51	Patient3	2	1	0	0	1	0	3	1	1987	2019	1509.813789632612	495.2947003467063	10.0	15.0	0.0	0.0	1473.3934869156656	889.2655802983257	SRSF6	371.0	172.0	0.0080862533692722	0.005813953488372		-2.7352571516304494	1.9588546141268128	1.0	1.0	1.0	1.0	1.0		Cyclo_GOE_isoform_top_ranked_data.tsv.gz									1473.3934869156656	2586.26385969691	0.0140822068793919
PB.161551.51	Patient7	1	0	2	0	0	0	3	0	1726	1705	1738.1228273464658	0.0	9.0	23.5	0.0	0.0	1473.3934869156656	889.2655802983257	SRSF6	262.0	375.0	0.0114503816793893	0.0		-2.5322231804038706	1.9627781755929168	1.0	1.0	1.0	1.0	1.0		Cyclo_GOE_isoform_top_ranked_data.tsv.gz									1473.3934869156656	2586.26385969691	0.1023597570828772
PB.161551.51	Patient8	0	2	4	0	0	1	6	1	1359	1179	4415.0110375275935	848.1764206955047	3.0	11.0	0.0	0.0	1473.3934869156656	889.2655802983257	SRSF6	217.0	262.0	0.0276497695852534	0.0038167938931297		-1.1878392304329894	1.9887579317385924	1.0	1.0	1.0	1.0	1.0		Cyclo_GOE_isoform_top_ranked_data.tsv.gz									1473.3934869156656	2586.26385969691	1.137400400807001
PB.161551.53	Patient10	7	11	11	5	9	6	29	20	1394	2180	20803.44332855093	9174.311926605506	2.0	2.0	0.0	0.0	2860.460827323184	1015.3048038106308	SRSF6	248.0	345.0	0.1169354838709677	0.0579710144927536		-1.5211169934296944	2.907441581840397	1.0	1.0	1.0	1.0	1.0		Cyclo_GOE_isoform_top_ranked_data.tsv.gz									2860.460827323184	11226.109922321117	1.5983259228159996
PB.161551.53	Patient30	36	29	34	9	9	12	99	30	1658	1808	59710.49457177322	16592.920353982303	1.0	1.0	0.0	0.0	2860.460827323184	1015.3048038106308	SRSF6	496.0	127.0	0.1995967741935483	0.2362204724409448		1.5211169934296942	3.5240579453541807	1.0	1.0	1.0	1.0	1.0		Cyclo_GOE_isoform_top_ranked_data.tsv.gz									2860.460827323184	11226.109922321117	5.064090244779618
PB.161551.53	Patient5	6	2	1	5	3	2	9	10	1596	1993	5639.097744360902	5017.561465127948	3.0	3.0	0.0	0.0	2860.460827323184	1015.3048038106308	SRSF6	354.0	682.0	0.0254237288135593	0.0146627565982404		-3.4042166094213684	2.525764813267548	1.0	1.0	1.0	1.0	1.0		Cyclo_GOE_isoform_top_ranked_data.tsv.gz									2860.460827323184	11226.109922321117	0.2475155629389389
PB.161551.572	Patient9	1	0	1	1	1	0	2	2	1722	1493	1161.4401858304298	1339.5847287340923	7.0	7.0	0.0	831.9467554076539	982.1561990253622	802.0300453852691	SRSF6	3.0	7.0	0.6666666666666666	0.2857142857142857		-3.229910261772152	1.9644375668832	1.0	1.0	1.0	1.0	1.0		Cyclo_GOE_isoform_top_ranked_data.tsv.gz									982.1561990253622	2155.849193091012	0.0831616549894261
PB.161551.598	Patient20	1	1	2	0	2	0	4	2	1888	1738	2118.64406779661	1150.7479861910242	3.0	3.0	0.0	0.0	696.8469069485643	329.5465345074112	SRSF6	54.0	81.0	0.074074074074074	0.0246913580246913		-2.500736216290969	2.4839437209598785	1.0	1.0	1.0	1.0	1.0		Cyclo_GOE_isoform_top_ranked_data.tsv.gz									696.8469069485643	2312.802605315432	0.6147507606487385
PB.161551.598	Patient27	1	2	8	0	0	1	11	1	917	1439	11995.637949836422	694.9270326615705	1.0	6.0	0.0	0.0	696.8469069485643	329.5465345074112	SRSF6	92.0	45.0	0.1195652173913043	0.0222222222222222		1.3244506567368048	3.343843037461371	1.0	1.0	1.0	1.0	1.0		Cyclo_GOE_isoform_top_ranked_data.tsv.gz									696.8469069485643	2312.802605315432	4.885324418487011
PB.161551.598	Patient29	3	1	1	1	3	1	5	5	1044	1857	4789.272030651341	2692.5148088314486	2.0	1.0	0.0	0.0	696.8469069485643	329.5465345074112	SRSF6	61.0	35.0	0.081967213114754	0.1428571428571428		-1.3244506567368048	2.74837188675837	1.0	1.0	1.0	1.0	1.0		Cyclo_GOE_isoform_top_ranked_data.tsv.gz									696.8469069485643	2312.802605315432	1.7694658049490697
PB.161551.604	Patient15	1	1	2	4	1	1	4	6	1376	2573	2906.9767441860463	2331.908278274388	3.0	5.0	0.0	645.9948320413437	1393.892593594069	1060.6167864373883	SRSF6	324.0	294.0	0.0123456790123456	0.0204081632653061		-2.4774904050335085	1.9925103799460169	1.0	1.0	1.0	1.0	1.0		Cyclo_GOE_isoform_top_ranked_data.tsv.gz									1393.892593594069	2989.4704868588165	0.506137845228186
PB.161551.604	Patient18	7	6	3	1	0	1	16	2	988	1387	16194.331983805669	1441.9610670511895	1.0	9.0	0.0	645.9948320413437	1393.892593594069	1060.6167864373883	SRSF6	157.0	82.0	0.1019108280254777	0.024390243902439		1.9927083867028903	2.766634515623775	1.0	1.0	1.0	1.0	1.0		Cyclo_GOE_isoform_top_ranked_data.tsv.gz									1393.892593594069	2989.4704868588165	4.950856499594732
PB.161551.61	Patient25	8	7	7	2	0	0	22	2	1372	1946	16034.985422740525	1027.749229188078	4.0	7.0	0.0	0.0	4137.538206592386	5096.228719210569	SRSF6	341.0	346.0	0.064516129032258	0.0057803468208092		-1.5973173853670224	2.296393362127635	1.0	1.0	1.0	1.0	1.0		Cyclo_GOE_isoform_top_ranked_data.tsv.gz									4137.538206592386	10521.760395008849	1.1307468303300148
PB.161551.61	Patient26	24	27	31	0	0	1	82	1	1690	1469	48520.7100591716	680.7351940095302	1.0	9.0	0.0	0.0	4137.538206592386	5096.228719210569	SRSF6	668.0	201.0	0.122754491017964	0.0049751243781094		0.9067416511367044	2.708040158448473	1.0	1.0	1.0	1.0	1.0		Cyclo_GOE_isoform_top_ranked_data.tsv.gz									4137.538206592386	10521.760395008849	4.2182268162686
PB.161551.61	Patient31	10	7	8	0	0	0	25	0	966	1858	25879.91718426501	0.0	2.0	20.5	0.0	0.0	4137.538206592386	5096.228719210569	SRSF6	153.0	125.0	0.1633986928104575	0.0		-0.9067416511367046	2.4099183567338867	1.0	1.0	1.0	1.0	1.0		Cyclo_GOE_isoform_top_ranked_data.tsv.gz									4137.538206592386	10521.760395008849	2.066420272028476
PB.161551.77	Patient22	1	5	1	0	0	2	7	2	1221	2106	5733.0057330057325	949.667616334283	3.0	2.0	0.0	0.0	908.8868852412488	130.2783965527929	SRSF6	58.0	43.0	0.1206896551724138	0.0465116279069767		-0.921832034602436	2.577027912174401	1.0	1.0	1.0	1.0	1.0		Cyclo_GOE_isoform_top_ranked_data.tsv.gz									908.8868852412488	2518.098272423161	1.915778625717512
PB.59138.479	Patient23	146	167	151	187	154	182	464	523	665	1159	697744.3609022556	451251.078515962	1.0	3.0	292151.1627906977	320030.1204819277	297745.67270134075	310354.51345884235	HARS1	495.0	545.0	0.9373737373737374	0.9596330275229358		12.408726839599476	2.741170056792169	1.0	1.0	1.0	1.0	1.0	Charcot-Marie-Tooth disease, axonal, type 2W, 616625 (3), Autosomal dominant; Usher syndrome type 3B, 614504 (3), Autosomal recessive	Cyclo_GOE_isoform_top_ranked_data.tsv.gz									297745.67270134075	112937.23127964351	3.541778770992529
PB.59138.482	Patient21	1	1	1	1	0	3	3	4	1417	1328	2117.148906139732	3012.0481927710844	2.0	3.0	0.0	0.0	541.314056630287	756.8068499073898	HARS1	446.0	461.0	0.0067264573991031	0.0086767895878524		-0.8348752990878734	2.153350098672131	1.0	1.0	1.0	1.0	1.0	Charcot-Marie-Tooth disease, axonal, type 2W, 616625 (3), Autosomal dominant; Usher syndrome type 3B, 614504 (3), Autosomal recessive	Cyclo_GOE_isoform_top_ranked_data.tsv.gz									541.314056630287	884.1220461585938	1.7823725314352945
PB.59138.482	Patient24	2	2	0	2	1	1	4	4	1059	1661	3777.148253068933	2408.187838651415	1.0	5.0	0.0	0.0	541.314056630287	756.8068499073898	HARS1	475.0	805.0	0.0084210526315789	0.0049689440993788		0.8348752990878732	2.478781503840761	1.0	1.0	1.0	1.0	1.0	Charcot-Marie-Tooth disease, axonal, type 2W, 616625 (3), Autosomal dominant; Usher syndrome type 3B, 614504 (3), Autosomal recessive	Cyclo_GOE_isoform_top_ranked_data.tsv.gz									541.314056630287	884.1220461585938	3.6599406275388846
PB.59138.482	Patient4	1	1	1	1	1	2	3	4	1554	1450	1930.5019305019305	2758.620689655172	3.0	4.0	0.0	0.0	541.314056630287	756.8068499073898	HARS1	420.0	453.0	0.0071428571428571	0.0088300220750551		-0.9679561941109756	2.12741287025264	1.0	1.0	1.0	1.0	1.0	Charcot-Marie-Tooth disease, axonal, type 2W, 616625 (3), Autosomal dominant; Usher syndrome type 3B, 614504 (3), Autosomal recessive	Cyclo_GOE_isoform_top_ranked_data.tsv.gz									541.314056630287	884.1220461585938	1.5712625648319722
PB.59138.482	Patient6	0	1	1	0	0	0	2	0	1602	1714	1248.4394506866415	0.0	6.0	21.5	0.0	0.0	541.314056630287	756.8068499073898	HARS1	657.0	531.0	0.0030441400304414	0.0		-1.5963983252188176	2.004930622893644	1.0	1.0	1.0	1.0	1.0	Charcot-Marie-Tooth disease, axonal, type 2W, 616625 (3), Autosomal dominant; Usher syndrome type 3B, 614504 (3), Autosomal recessive	Cyclo_GOE_isoform_top_ranked_data.tsv.gz									541.314056630287	884.1220461585938	0.7998051820206625
PB.59138.484	Patient17	5	0	0	2	1	0	5	3	975	1227	5128.205128205128	2444.9877750611245	5.0	7.0	0.0	538.2131324004305	1615.341774683844	1397.475271755191	HARS1	401.0	543.0	0.0124688279301745	0.005524861878453		-1.037330456830499	1.992864919845214	1.0	1.0	1.0	1.0	1.0	Charcot-Marie-Tooth disease, axonal, type 2W, 616625 (3), Autosomal dominant; Usher syndrome type 3B, 614504 (3), Autosomal recessive	Cyclo_GOE_isoform_top_ranked_data.tsv.gz									1615.341774683844	2806.997231800152	1.2514666255187057
PB.59138.501	Patient2	18	26	30	0	0	0	74	0	1277	1085	57948.316366483945	0.0	1.0	16.0	0.0	0.0	1869.300527951095	0.0	HARS1	145.0	71.0	0.5103448275862069	0.0		15.822504021272984	5.567764362830022	1.0	1.0	1.0	1.0	1.0	Charcot-Marie-Tooth disease, axonal, type 2W, 616625 (3), Autosomal dominant; Usher syndrome type 3B, 614504 (3), Autosomal recessive	Cyclo_GOE_isoform_top_ranked_data.tsv.gz									1869.300527951095	10407.824862945452	5.388159060803247
PB.70308.16	Patient13	178	162	176	145	161	139	516	445	2218	2495	232642.0198376916	178356.7134268537	3.0	5.0	120689.6551724138	116909.18213748118	138557.387237657	129259.77389098969	VTA1	1281.0	1283.0	0.4028103044496487	0.3468433359314107		-13.296370845592111	0.9267177436526174	1.0	1.0	1.0	1.0	1.0		Cyclo_GOE_isoform_top_ranked_data.tsv.gz									138557.387237657	73076.83064787908	1.287475548212835
