associated_gene	Sample	cyclo_count	noncyclo_count	Cyclo_TPM	Noncyclo_TPM	total_cyclo	total_noncyclo	Cyclo_TPM_Rank	Noncyclo_TPM_Rank	Cyclo_TPM_Median	Noncyclo_TPM_Median	Cyclo_TPM_Mean	Noncyclo_TPM_Mean	Avg_Cyclo_TPM	SD_Cyclo_TPM	Cyclo_TPM_Z_Score	test_statistic	z_score_of_test_stat	rank_top_99_9_percentile	rank_top_99_5_percentile	rank_top_99_percentile	rank_top_98_percentile	rank_top_95_percentile	Phenotypes
DND1_HARS1	Patient17	6	0	6153.846153846154	0.0	975	1227	8.0	24.0	3584.2293906810037	388.65137971239795	4389.119136742791	2222.141521664957	4389.119136742791	5261.404487097065	0.3354098741944542	-23.893419457111293	0.14088847562431386						
DND1_HARS1	Patient2	32	6	25058.731401722787	5529.9539170506905	1277	1085	1.0	6.0	3584.2293906810037	388.65137971239795	4389.119136742791	2222.141521664957	4389.119136742791	5261.404487097065	3.9285351118070526	10.482908864446657	0.643940024077081						
DND1_HARS1	Patient21	7	0	4940.014114326041	0.0	1417	1328	10.0	24.0	3584.2293906810037	388.65137971239795	4389.119136742791	2222.141521664957	4389.119136742791	5261.404487097065	0.10470492792071978	-27.631712600838167	0.08618355958641226						
DND1_HARS1	Patient22	6	0	4914.004914004914	0.0	1221	2106	11.0	24.0	3584.2293906810037	388.65137971239795	4389.119136742791	2222.141521664957	4389.119136742791	5261.404487097065	0.09976153298027927	-27.721530050656607	0.08486920143895094						
DND1_HARS1	Patient23	9	1	13533.834586466164	862.8127696289905	665	1159	2.0	13.0	3584.2293906810037	388.65137971239795	4389.119136742791	2222.141521664957	4389.119136742791	5261.404487097065	1.738074970694544	-10.482908864446657	0.3371333466901846						
DND1_HARS1	Patient24	7	0	6610.0094428706325	0.0	1059	1661	7.0	24.0	3584.2293906810037	388.65137971239795	4389.119136742791	2222.141521664957	4389.119136742791	5261.404487097065	0.4221097829627615	-22.676702403798572	0.15869350098864318						
DND1_HARS1	Patient26	8	0	4733.7278106508875	0.0	1690	1469	12.0	24.0	3584.2293906810037	388.65137971239795	4389.119136742791	2222.141521664957	4389.119136742791	5261.404487097065	0.06549746835720503	-28.357461152572657	0.07556320102681485						
DND1_HARS1	Patient28	15	0	10183.299389002037	0.0	1473	1202	4.0	24.0	3584.2293906810037	388.65137971239795	4389.119136742791	2222.141521664957	4389.119136742791	5261.404487097065	1.1012611302683053	-15.323111363097361	0.2663034622710204						
DND1_HARS1	Patient29	9	0	8620.689655172413	0.0	1044	1857	5.0	24.0	3584.2293906810037	388.65137971239795	4389.119136742791	2222.141521664957	4389.119136742791	5261.404487097065	0.8042663377824341	-18.157706708261685	0.22482295381521528						
DND1_HARS1	Patient30	12	0	7237.6357056694815	0.0	1658	1808	6.0	24.0	3584.2293906810037	388.65137971239795	4389.119136742791	2222.141521664957	4389.119136742791	5261.404487097065	0.5413985136311645	-21.133246352679766	0.18127991420942896						
DND1_HARS1	Patient31	10	0	10351.966873706004	0.0	966	1858	3.0	24.0	3584.2293906810037	388.65137971239795	4389.119136742791	2222.141521664957	4389.119136742791	5261.404487097065	1.1333186322371431	-15.043578582306989	0.27039405033221603						
DND1_HARS1	Patient4	8	0	5148.005148005148	0.0	1554	1450	9.0	24.0	3584.2293906810037	388.65137971239795	4389.119136742791	2222.141521664957	4389.119136742791	5261.404487097065	0.1442363941269731	-26.93001759092115	0.09645192675984801						
HARS1	Patient16	653	647	468100.358422939	509047.9937057435	1395	1271	2.0	1.0	310319.7674418605	347138.5542168675	317227.10950330645	326306.0749468037	317227.10950330645	116796.2420782722	1.2917645827896014	-12.202209270051954	0.9791686735370206						Charcot-Marie-Tooth disease, axonal, type 2W, 616625 (3), Autosomal dominant; Usher syndrome type 3B, 614504 (3), Autosomal recessive
HARS1	Patient17	401	543	411282.0512820513	442542.7872860636	975	1227	4.0	5.0	310319.7674418605	347138.5542168675	317227.10950330645	326306.0749468037	317227.10950330645	116796.2420782722	0.8052908219060076	-15.606392255940552	0.6760393394359231	1.0	1.0	1.0	1.0	1.0	Charcot-Marie-Tooth disease, axonal, type 2W, 616625 (3), Autosomal dominant; Usher syndrome type 3B, 614504 (3), Autosomal recessive
HARS1	Patient18	325	594	328947.36842105264	428262.4369142033	988	1387	13.0	6.0	310319.7674418605	347138.5542168675	317227.10950330645	326306.0749468037	317227.10950330645	116796.2420782722	0.10034791110737741	-21.482826765805534	0.15276556500951652						Charcot-Marie-Tooth disease, axonal, type 2W, 616625 (3), Autosomal dominant; Usher syndrome type 3B, 614504 (3), Autosomal recessive
HARS1	Patient19	419	582	340927.5834011391	375968.992248062	1229	1548	12.0	10.0	310319.7674418605	347138.5542168675	317227.10950330645	326306.0749468037	317227.10950330645	116796.2420782722	0.20292154504379997	-20.541774345464972	0.2365626448711323						Charcot-Marie-Tooth disease, axonal, type 2W, 616625 (3), Autosomal dominant; Usher syndrome type 3B, 614504 (3), Autosomal recessive
HARS1	Patient20	715	781	378707.6271186441	449367.08860759495	1888	1738	6.0	4.0	310319.7674418605	347138.5542168675	317227.10950330645	326306.0749468037	317227.10950330645	116796.2420782722	0.5263912307566867	-17.777085614800452	0.48274748787080596	1.0	1.0	1.0	1.0	1.0	Charcot-Marie-Tooth disease, axonal, type 2W, 616625 (3), Autosomal dominant; Usher syndrome type 3B, 614504 (3), Autosomal recessive
HARS1	Patient22	394	738	322686.3226863227	350427.35042735044	1221	2106	14.0	15.0	310319.7674418605	347138.5542168675	317227.10950330645	326306.0749468037	317227.10950330645	116796.2420782722	0.04674134275105938	-21.988364187538703	0.10774941204464875						Charcot-Marie-Tooth disease, axonal, type 2W, 616625 (3), Autosomal dominant; Usher syndrome type 3B, 614504 (3), Autosomal recessive
HARS1	Patient23	495	545	744360.9022556391	470232.9594477998	665	1159	1.0	3.0	310319.7674418605	347138.5542168675	317227.10950330645	326306.0749468037	317227.10950330645	116796.2420782722	3.6570850667103185	12.202209270051954	3.1522877954678727	1.0	1.0	1.0	1.0	1.0	Charcot-Marie-Tooth disease, axonal, type 2W, 616625 (3), Autosomal dominant; Usher syndrome type 3B, 614504 (3), Autosomal recessive
HARS1	Patient24	475	805	448536.35505193577	484647.80252859724	1059	1661	3.0	2.0	310319.7674418605	347138.5542168675	317227.10950330645	326306.0749468037	317227.10950330645	116796.2420782722	1.124259164611059	-13.325322189611294	0.8791598100776745	1.0	1.0	1.0	1.0	1.0	Charcot-Marie-Tooth disease, axonal, type 2W, 616625 (3), Autosomal dominant; Usher syndrome type 3B, 614504 (3), Autosomal recessive
HARS1	Patient27	324	534	353326.0632497274	371091.03544127865	917	1439	8.0	13.0	310319.7674418605	347138.5542168675	317227.10950330645	326306.0749468037	317227.10950330645	116796.2420782722	0.3090763290331626	-19.60206590496304	0.3202400485240313						Charcot-Marie-Tooth disease, axonal, type 2W, 616625 (3), Autosomal dominant; Usher syndrome type 3B, 614504 (3), Autosomal recessive
HARS1	Patient29	392	544	375478.92720306513	292945.6112008616	1044	1857	7.0	19.0	310319.7674418605	347138.5542168675	317227.10950330645	326306.0749468037	317227.10950330645	116796.2420782722	0.49874736261394975	-18.00232707271943	0.4626906068412105						Charcot-Marie-Tooth disease, axonal, type 2W, 616625 (3), Autosomal dominant; Usher syndrome type 3B, 614504 (3), Autosomal recessive
HARS1	Patient5	559	435	350250.62656641606	218263.92373306572	1596	1993	10.0	26.0	310319.7674418605	347138.5542168675	317227.10950330645	326306.0749468037	317227.10950330645	116796.2420782722	0.28274468831778476	-19.832048415627632	0.29976099507665666						Charcot-Marie-Tooth disease, axonal, type 2W, 616625 (3), Autosomal dominant; Usher syndrome type 3B, 614504 (3), Autosomal recessive
HARS1	Patient6	657	531	410112.3595505618	309801.6336056009	1602	1714	5.0	18.0	310319.7674418605	347138.5542168675	317227.10950330645	326306.0749468037	317227.10950330645	116796.2420782722	0.7952760156872801	-15.681315546698805	0.6693677100522036	1.0	1.0	1.0	1.0	1.0	Charcot-Marie-Tooth disease, axonal, type 2W, 616625 (3), Autosomal dominant; Usher syndrome type 3B, 614504 (3), Autosomal recessive
HARS1	Patient7	605	431	350521.436848204	252785.9237536657	1726	1705	9.0	24.0	310319.7674418605	347138.5542168675	317227.10950330645	326306.0749468037	317227.10950330645	116796.2420782722	0.28506334409787787	-19.81171618241315	0.3015715018386736	1.0	1.0	1.0	1.0	1.0	Charcot-Marie-Tooth disease, axonal, type 2W, 616625 (3), Autosomal dominant; Usher syndrome type 3B, 614504 (3), Autosomal recessive
HARS1	Patient9	592	547	343786.29500580725	366376.42330877425	1722	1493	11.0	14.0	310319.7674418605	347138.5542168675	317227.10950330645	326306.0749468037	317227.10950330645	116796.2420782722	0.22739760312409613	-20.32210958038155	0.2561229429635777						Charcot-Marie-Tooth disease, axonal, type 2W, 616625 (3), Autosomal dominant; Usher syndrome type 3B, 614504 (3), Autosomal recessive
SRSF6	Patient10	248	345	177905.30846484934	158256.88073394497	1394	2180	10.0	8.0	126769.62676962678	67276.64155005381	138239.81160383418	108178.14236289564	138239.81160383418	91280.78331580703	0.43454378260299514	-19.508790080302404	0.3383291210868353						
SRSF6	Patient11	299	1145	218727.139722019	514375.5615453728	1367	2226	7.0	1.0	126769.62676962678	67276.64155005381	138239.81160383418	108178.14236289564	138239.81160383418	91280.78331580703	0.8817554494435071	-14.460619802622777	0.5338061891793212	1.0	1.0	1.0	1.0	1.0	
SRSF6	Patient13	387	696	174481.51487826873	278957.91583166335	2218	2495	11.0	3.0	126769.62676962678	67276.64155005381	138239.81160383418	108178.14236289564	138239.81160383418	91280.78331580703	0.3970354104987024	-19.983677354421133	0.3199403649805674						
SRSF6	Patient15	324	294	235465.11627906974	114263.505635445	1376	2573	5.0	11.0	126769.62676962678	67276.64155005381	138239.81160383418	108178.14236289564	138239.81160383418	91280.78331580703	1.0651234700611856	-12.658641940559415	0.603583025115533						
SRSF6	Patient18	157	82	158906.8825910931	59120.403749098776	988	1387	13.0	17.0	126769.62676962678	67276.64155005381	138239.81160383418	108178.14236289564	138239.81160383418	91280.78331580703	0.22641206874568987	-22.26860452586425	0.23146259190436694						
SRSF6	Patient21	334	122	235709.24488355682	91867.46987951807	1417	1328	4.0	12.0	126769.62676962678	67276.64155005381	138239.81160383418	108178.14236289564	138239.81160383418	91280.78331580703	1.0677979497886707	-12.633318271441118	0.6045636173539676	1.0	1.0	1.0	1.0	1.0	
SRSF6	Patient25	341	346	248542.2740524781	177800.61664953752	1372	1946	3.0	6.0	126769.62676962678	67276.64155005381	138239.81160383418	108178.14236289564	138239.81160383418	91280.78331580703	1.2083864581554586	-11.33778219897683	0.6547298318679869	1.0	1.0	1.0	1.0	1.0	
SRSF6	Patient26	668	201	395266.2721893491	136827.7739959156	1690	1469	1.0	10.0	126769.62676962678	67276.64155005381	138239.81160383418	108178.14236289564	138239.81160383418	91280.78331580703	2.8157784283716354	6.808237217159573	1.3573865327917307	1.0	1.0	1.0	1.0	1.0	
SRSF6	Patient28	299	165	202987.10115410725	137271.2146422629	1473	1202	8.0	9.0	126769.62676962678	67276.64155005381	138239.81160383418	108178.14236289564	138239.81160383418	91280.78331580703	0.7093200474218633	-16.28568620716814	0.46313531038348843	1.0	1.0	1.0	1.0	1.0	
SRSF6	Patient3	371	172	186713.63865123302	85190.68845963349	1987	2019	9.0	13.0	126769.62676962678	67276.64155005381	138239.81160383418	108178.14236289564	138239.81160383418	91280.78331580703	0.53104087505135	-18.327849919954055	0.38405791140879597						
SRSF6	Patient30	496	127	299155.6091676719	70243.36283185841	1658	1808	2.0	14.0	126769.62676962678	67276.64155005381	138239.81160383418	108178.14236289564	138239.81160383418	91280.78331580703	1.762866089865949	-6.808237217159572	0.8301245044196528	1.0	1.0	1.0	1.0	1.0	
SRSF6	Patient31	153	125	158385.09316770185	67276.64155005381	966	1858	14.0	16.0	126769.62676962678	67276.64155005381	138239.81160383418	108178.14236289564	138239.81160383418	91280.78331580703	0.2206957568951879	-22.348980315665212	0.2283502516163663						
SRSF6	Patient5	354	682	221804.51127819548	342197.69192172604	1596	1993	6.0	2.0	126769.62676962678	67276.64155005381	138239.81160383418	108178.14236289564	138239.81160383418	91280.78331580703	0.915468696026083	-14.119191650136766	0.5470270930991622	1.0	1.0	1.0	1.0	1.0	
SRSF6	Patient7	262	375	151796.06025492467	219941.34897360703	1726	1705	15.0	5.0	126769.62676962678	67276.64155005381	138239.81160383418	108178.14236289564	138239.81160383418	91280.78331580703	0.14851152848009094	-23.38736966071243	0.18814136531833783						
SRSF6	Patient8	217	262	159676.23252391466	222222.22222222222	1359	1179	12.0	4.0	126769.62676962678	67276.64155005381	138239.81160383418	108178.14236289564	138239.81160383418	91280.78331580703	0.23484045755738323	-22.150574989736654	0.2360329741223661						
VTA1	Patient1	1133	979	595688.7486855942	570180.5474665114	1902	1717	6.0	15.0	534216.3355408389	554969.8795180722	534575.3244359668	557507.4652786839	534575.3244359668	102837.579198112	0.5942713230529777	-7.752762872784683	0.45745945387612647						
VTA1	Patient11	810	640	592538.405267008	287511.2309074573	1367	2226	7.0	31.0	534216.3355408389	554969.8795180722	534575.3244359668	557507.4652786839	534575.3244359668	102837.579198112	0.5636371575742553	-7.898293131755971	0.43572763181417756						
VTA1	Patient12	1046	1180	584031.2674483529	588822.3552894212	1791	2004	11.0	12.0	534216.3355408389	554969.8795180722	534575.3244359668	557507.4652786839	534575.3244359668	102837.579198112	0.4809131389325242	-8.295180465064135	0.3764610231579249						
VTA1	Patient13	1281	1283	577547.3399458972	514228.4569138276	2218	2495	13.0	20.0	534216.3355408389	554969.8795180722	534575.3244359668	557507.4652786839	534575.3244359668	102837.579198112	0.417862962596064	-8.601579856119164	0.33070684740529954	1.0	1.0	1.0	1.0	1.0	
VTA1	Patient14	693	1194	596899.2248062015	699063.2318501171	1161	1708	5.0	2.0	534216.3355408389	554969.8795180722	534575.3244359668	557507.4652786839	534575.3244359668	102837.579198112	0.6060420797165065	-7.697049453712754	0.4657790577735732	1.0	1.0	1.0	1.0	1.0	
VTA1	Patient19	725	912	589910.4963384866	589147.2868217054	1229	1548	9.0	11.0	534216.3355408389	554969.8795180722	534575.3244359668	557507.4652786839	534575.3244359668	102837.579198112	0.538083182568106	-8.020282644991266	0.41751111509942196	1.0	1.0	1.0	1.0	1.0	
VTA1	Patient2	1009	937	790133.1245105717	863594.470046083	1277	1085	1.0	1.0	534216.3355408389	554969.8795180722	534575.3244359668	557507.4652786839	534575.3244359668	102837.579198112	2.4850623873816033	3.4543619872391815	2.1310031210535048	1.0	1.0	1.0	1.0	1.0	
VTA1	Patient20	1110	862	587923.7288135594	495972.38204833143	1888	1738	10.0	23.0	534216.3355408389	554969.8795180722	534575.3244359668	557507.4652786839	534575.3244359668	102837.579198112	0.5187637125803914	-8.112871166016214	0.40368500582073114						
VTA1	Patient22	754	1319	617526.6175266175	626305.7929724597	1221	2106	4.0	8.0	534216.3355408389	554969.8795180722	534575.3244359668	557507.4652786839	534575.3244359668	102837.579198112	0.8066243268022553	-6.764635034157055	0.6050151478967798	1.0	1.0	1.0	1.0	1.0	
VTA1	Patient28	851	786	577732.5186693822	653910.1497504159	1473	1202	12.0	4.0	534216.3355408389	554969.8795180722	534575.3244359668	557507.4652786839	534575.3244359668	102837.579198112	0.4196636537921124	-8.592781577199236	0.332020681609202						
VTA1	Patient29	569	1270	545019.1570881226	683898.761443188	1044	1857	14.0	3.0	534216.3355408389	554969.8795180722	534575.3244359668	557507.4652786839	534575.3244359668	102837.579198112	0.10155657818467506	-10.192554055639835	0.09312898247511898						
VTA1	Patient31	673	1178	696687.370600414	634015.0699677072	966	1858	2.0	6.0	534216.3355408389	554969.8795180722	534575.3244359668	557507.4652786839	534575.3244359668	102837.579198112	1.576389170462148	-3.454361987239181	1.0993334109205377	1.0	1.0	1.0	1.0	1.0	
VTA1	Patient4	920	891	592020.592020592	614482.7586206896	1554	1450	8.0	9.0	534216.3355408389	554969.8795180722	534575.3244359668	557507.4652786839	534575.3244359668	102837.579198112	0.5586019044065538	-7.92228755661437	0.4321445792230021	1.0	1.0	1.0	1.0	1.0	
VTA1	Patient6	866	1080	540574.2821473158	630105.0175029171	1602	1714	15.0	7.0	534216.3355408389	554969.8795180722	534575.3244359668	557507.4652786839	534575.3244359668	102837.579198112	0.05833429528511445	-10.417298286752304	0.05956825308103952						
VTA1	Patient9	1124	909	652729.3844367014	608841.259209645	1722	1493	3.0	10.0	534216.3355408389	554969.8795180722	534575.3244359668	557507.4652786839	534575.3244359668	102837.579198112	1.1489385584730278	-5.243069476869878	0.8322283211591103	1.0	1.0	1.0	1.0	1.0	
novelGene_SRSF6_AS	Patient14	9	6	7751.937984496124	3512.88056206089	1161	1708	8.0	20.0	4360.46511627907	4308.023694130317	5568.635320149852	5786.175889951817	5568.635320149852	5558.793013243623	0.39276559842120984	-18.861757465588198	0.333245046204639						
novelGene_SRSF6_AS	Patient17	9	14	9230.76923076923	11409.942950285247	975	1227	7.0	5.0	4360.46511627907	4308.023694130317	5568.635320149852	5786.175889951817	5568.635320149852	5558.793013243623	0.6588001931164691	-15.821654018682752	0.4315828188420034						
novelGene_SRSF6_AS	Patient18	21	12	21255.06072874494	8651.766402307137	988	1387	2.0	7.0	4360.46511627907	4308.023694130317	5568.635320149852	5786.175889951817	5568.635320149852	5558.793013243623	2.821912125747936	-1.2985887274157697	0.9013582450907239	1.0	1.0	1.0	1.0	1.0	
novelGene_SRSF6_AS	Patient22	9	6	7371.007371007372	2849.002849002849	1221	2106	9.0	23.0	4360.46511627907	4308.023694130317	5568.635320149852	5786.175889951817	5568.635320149852	5558.793013243623	0.3242380219165264	-19.73910296234995	0.30486568231398126						
novelGene_SRSF6_AS	Patient23	7	14	10526.315789473683	12079.378774805868	665	1159	5.0	3.0	4360.46511627907	4308.023694130317	5568.635320149852	5786.175889951817	5568.635320149852	5558.793013243623	0.8918627582484789	-13.534810509209995	0.505555004663731						
novelGene_SRSF6_AS	Patient25	9	6	6559.766763848396	3083.247687564234	1372	1946	10.0	22.0	4360.46511627907	4308.023694130317	5568.635320149852	5786.175889951817	5568.635320149852	5558.793013243623	0.17829975704028	-21.769263236828948	0.2391963907994632						
novelGene_SRSF6_AS	Patient26	18	26	10650.887573964497	17699.115044247785	1690	1469	4.0	1.0	4360.46511627907	4308.023694130317	5568.635320149852	5786.175889951817	5568.635320149852	5558.793013243623	0.9142726202804031	-13.32995775307934	0.5121813462038584						
novelGene_SRSF6_AS	Patient27	21	11	22900.763358778626	7644.197359277276	917	1439	1.0	9.0	4360.46511627907	4308.023694130317	5568.635320149852	5786.175889951817	5568.635320149852	5558.793013243623	3.1179660759692984	1.29858872741577	0.9853687567435716	1.0	1.0	1.0	1.0	1.0	
novelGene_SRSF6_AS	Patient29	13	8	12452.107279693486	4308.023694130317	1044	1857	3.0	16.0	4360.46511627907	4308.023694130317	5568.635320149852	5786.175889951817	5568.635320149852	5558.793013243623	1.2383033408770592	-10.609326526401707	0.6001851985962733	1.0	1.0	1.0	1.0	1.0	
novelGene_SRSF6_AS	Patient30	16	21	9650.180940892642	11615.044247787611	1658	1808	6.0	4.0	4360.46511627907	4308.023694130317	5568.635320149852	5786.175889951817	5568.635320149852	5558.793013243623	0.734250332944338	-15.047960648431612	0.45660936286050996						
novelGene_SRSF6_AS	Patient4	9	6	5791.505791505791	4137.931034482759	1554	1450	11.0	19.0	4360.46511627907	4308.023694130317	5568.635320149852	5786.175889951817	5568.635320149852	5558.793013243623	0.040093320766748874	-23.93803741781172	0.16904337593137958						
